,StartDate,EndDate,Status,IPAddress,Progress,Duration (in seconds),Finished,RecordedDate,ResponseId,RecipientLastName,RecipientFirstName,RecipientEmail,ExternalReference,LocationLatitude,LocationLongitude,DistributionChannel,UserLanguage,Q2,Gender,Age,Education,Q7_1,Q7_2,Q7_3,Q7_4,Q7_5,Q7_6,Q7_7,Q7_8,Q7_9,Q7_10,Q7_11,Q7_12,Q7_13,Q7_14,Q7_15,Q7_16,Q7_17,Q7_18,Q7_19,Q7_20,Q7_21,Q7_22,Q7_23,Q7_24,Q7_25,Q7_26,Q7_27,Q7_28,Q7_29,Q7_30,Q7_31,Q7_32,Q7_33,Q7_34,Q7_35,Q7_36,Q7_37,Q7_38,Q7_39,Q7_40,Q7_41,Q7_42,Q7_43,Q7_44,Q8_First Click,Q8_Last Click,Q8_Page Submit,Q8_Click Count,Q9_1,Q9_2,Q9_3,Q10_First Click,Q10_Last Click,Q10_Page Submit,Q10_Click Count,Q11_1,Q11_2,Q11_3,Q12_First Click,Q12_Last Click,Q12_Page Submit,Q12_Click Count,Q13,Q14_1,Q14_2,Q14_3,Q15_First Click,Q15_Last Click,Q15_Page Submit,Q15_Click Count,Q16_1,Q16_2,Q16_3,Q17_First Click,Q17_Last Click,Q17_Page Submit,Q17_Click Count,Q18_1,Q18_2,Q18_3,Q19_First Click,Q19_Last Click,Q19_Page Submit,Q19_Click Count,Q20_1,Q20_2,Q20_3,Q21_First Click,Q21_Last Click,Q21_Page Submit,Q21_Click Count,Q22_1,Q22_2,Q22_3,Q23_First Click,Q23_Last Click,Q23_Page Submit,Q23_Click Count,survey_code,Extroversion,Agreeableness,Conscientiousness,Neuroticism,Openness,Extroversion,Agreeableness,Conscientiousness,Neuroticism,Openness
2,2019-04-08 00:39:53,2019-04-08 00:42:22,0,73.184.82.148,100,149,1,2019-04-08 00:42:22,R_baetuFXAx84oqSB,,,,,34.0240020751953125,-84.23960113525390625,anonymous,EN,1,2,31,5,3,4.0,3,4,4,3.0,2,1.0,2.0,3,4,2.0,3,2,3,3,2,3.0,3,4,2.0,3,4.0,4.0,4,4,3.0,2,3,3,1.0,4,3,4.0,4.0,3,3.0,4,4,3,4.0,1,4.0,3,0.921,21.477,22.214,100,3,1,2,0.603,16.972,17.387,10,1,3,2,1.177,25.77,26.861,12,3,2,3,1,0.919,22.826,23.476,7,3,1,2,0.684,10.967,11.35,8,1,3,2,6.577,8.028,8.342,7,3,1,2,5.274,6.499,6.837,7,2,3,1,8.308,12.36,13.129,7,45997260,2.0,3.0,3.0,3.3333333333333335,4.0,2.0,3.0,3.0,3.3333333333333335,4.0
4,2019-04-08 00:39:45,2019-04-08 00:42:51,0,106.51.153.173,100,185,1,2019-04-08 00:42:53,R_rln2L8FmmJUHhBv,,,,,13.0843048095703125,80.280487060546875,anonymous,EN,1,2,50,5,4,3.0,5,4,4,3.0,2,4.0,1.0,3,3,2.0,5,4,1,3,4,2.0,5,4,3.0,4,4.0,3.0,4,3,1.0,4,3,4,2.0,3,5,1.0,2.0,3,2.0,4,5,4,2.0,3,4.0,3,11.134,66.455,66.922,51,3,2,1,7.03,11.245,11.847,4,1,2,3,2.4,10.12,10.488,7,3,1,2,3,2.753,9.554,10.123,8,1,3,2,2.5,7.859,8.199,5,3,1,2,2.128,6.934,7.674,6,3,2,1,1.372,2.173,2.764,3,2,3,1,1.133,2.462,3.014,3,81015512,2.6666666666666665,2.0,3.5,1.6666666666666667,2.0,2.6666666666666665,2.0,3.5,1.6666666666666667,2.0
5,2019-04-08 00:39:43,2019-04-08 00:42:53,0,106.51.153.173,100,189,1,2019-04-08 00:42:54,R_XvIV9R0KGJJpoxr,,,,,13.0843048095703125,80.280487060546875,anonymous,EN,1,2,36,5,4,3.0,4,4,3,4.0,3,2.0,2.0,3,4,3.0,2,3,3,4,4,3.0,4,4,3.0,2,3.0,2.0,3,3,2.0,3,3,4,2.0,2,3,3.0,2.0,3,2.0,3,3,2,3.0,3,2.0,4,1.509,30.988,32.268,45,2,3,1,1.767,3.173,5.05,4,3,1,2,1.054,2.801,4.516,5,3,2,3,1,5.934,7.212,10.614,4,1,3,2,3.588,4.869,5.805,4,2,3,1,1.226,3.794,5.119,5,3,1,2,1.891,3.625,5.854,5,2,3,1,1.806,2.728,3.433,3,68418049,3.0,2.5,2.5,2.3333333333333335,2.5,3.0,2.5,2.5,2.3333333333333335,2.5
7,2019-04-08 00:40:00,2019-04-08 00:42:58,0,195.206.104.74,100,178,1,2019-04-08 00:42:59,R_3j0OYvbGJZB7dGL,,,,,34.054901123046875,-118.2577972412109375,anonymous,EN,1,1,30,6,5,2.0,4,4,5,3.0,4,1.0,2.0,5,4,3.0,5,4,5,4,5,2.0,5,4,1.0,4,1.0,2.0,5,4,3.0,4,5,5,2.0,3,4,1.0,2.0,3,1.0,4,5,4,1.0,4,1.0,5,1.666,47.649,48.812,45,3,1,2,1.561,2.649,5.283,3,2,3,1,1.291,2.891,5.075,4,3,2,3,1,1.121,1.784,3.179,3,3,2,1,1.16,5.68,6.466,5,1,3,2,0.994,1.93,2.807,3,2,1,3,4.638,5.548,6.689,3,2,1,3,1.226,2.394,4.618,4,63566978,2.0,2.25,1.25,1.6666666666666667,1.5,2.0,2.25,1.25,1.6666666666666667,1.5
9,2019-04-08 00:39:56,2019-04-08 00:43:07,0,106.51.153.173,100,191,1,2019-04-08 00:43:08,R_3FKCMfpufnTabXs,,,,,13.0843048095703125,80.280487060546875,anonymous,EN,1,2,50,5,5,2.0,3,4,5,2.0,3,1.0,2.0,3,4,1.0,4,3,2,2,3,2.0,3,3,4.0,3,2.0,3.0,2,3,2.0,4,3,4,3.0,4,2,2.0,3.0,4,3.0,4,5,4,3.0,3,1.0,4,1.728,51.999,62.636,48,1,2,3,7.223,8.869,9.999,4,3,2,1,16.906,17.563,18.57,3,3,2,3,1,12.037,13.085,14.365,3,2,3,1,1.218,3.5,4.978,6,2,3,1,1.625,2.985,5.513,3,1,3,2,1.694,6.727,8.064,4,1,3,2,1.875,7.028,8.326,6,31257861,3.0,2.0,1.5,2.3333333333333335,3.0,3.0,2.0,1.5,2.3333333333333335,3.0
10,2019-04-08 00:39:51,2019-04-08 00:43:56,0,72.220.195.220,100,245,1,2019-04-08 00:43:57,R_1KwKIkK4DQxcAap,,,,,32.7404937744140625,-117.09349822998046875,anonymous,EN,1,2,37,2,1,5.0,5,1,3,1.0,3,5.0,1.0,5,5,5.0,5,1,5,4,3,5.0,1,1,1.0,1,5.0,1.0,4,4,5.0,5,1,3,3.0,3,5,1.0,1.0,1,5.0,5,1,5,3.0,3,5.0,1,1.578,44.588,45.221,51,2,3,1,9.772,20.06,23.428,5,1,2,3,15.276,21.403,22.673,7,3,2,3,1,36.262,50.637,51.8,8,2,3,1,22.266,25.037,26.499,3,1,3,2,10.961,13.059,16.608,3,3,1,2,12.888,14.917,16.174,5,3,1,2,8.43,16.415,18.483,8,35699311,1.6666666666666667,5.0,5.0,1.0,2.0,1.6666666666666667,5.0,5.0,1.0,2.0
11,2019-04-08 00:40:04,2019-04-08 00:44:15,0,107.175.116.163,100,251,1,2019-04-08 00:44:16,R_25MytFQBaUytUmC,,,,,32.8137054443359375,-96.87039947509765625,anonymous,EN,1,1,39,5,5,1.0,4,3,5,1.0,4,1.0,1.0,4,5,1.0,4,4,5,4,5,2.0,4,5,1.0,4,1.0,2.0,5,4,1.0,4,5,4,1.0,5,4,1.0,2.0,4,1.0,4,4,5,1.0,4,1.0,4,4.696,65.081,66.534,44,1,3,2,3.952,11.569,16.575,5,3,2,1,31.054,33.093,34.823,3,3,2,1,3,11.944,35.736,37.884,8,2,3,1,11.76,18.789,20.869,3,2,3,1,7.875,11.192,13.407,3,3,1,2,2.622,6.452,8.197,3,1,2,3,4.737,9.013,11.731,3,74161328,1.0,1.0,1.25,1.3333333333333333,1.5,1.0,1.0,1.25,1.3333333333333333,1.5
12,2019-04-08 00:41:05,2019-04-08 00:44:22,0,71.193.162.104,100,197,1,2019-04-08 00:44:23,R_2UWcDuYo0zgiSzf,,,,,46.147796630859375,-122.971099853515625,anonymous,EN,1,2,39,4,3,4.0,2,3,3,4.0,2,3.0,2.0,3,4,3.0,3,4,4,4,3,3.0,2,3,2.0,3,3.0,2.0,4,3,3.0,3,3,4,2.0,4,3,3.0,2.0,4,2.0,4,4,3,4.0,4,3.0,3,1.763,61.385,63.73,51,1,3,2,25.619,31.093,32.241,5,,3,2,4.322,5.869,7.27,3,3,3,2,1,6.439,7.877,9.053,3,2,3,1,1.842,3.432,4.338,3,3,2,1,2.003,4.576,10.414,3,3,1,2,5.7,22.353,23.766,4,2,1,3,5.024,6.38,7.182,3,76004169,2.6666666666666665,3.0,3.0,2.3333333333333335,3.0,2.6666666666666665,3.0,3.0,2.3333333333333335,3.0
13,2019-04-08 00:40:00,2019-04-08 00:44:26,0,106.51.153.173,100,265,1,2019-04-08 00:44:26,R_3gRdPMQNVU8qAl0,,,,,13.0843048095703125,80.280487060546875,anonymous,EN,1,2,49,5,4,1.0,4,3,3,4.0,4,1.0,2.0,3,2,3.0,5,3,4,5,4,3.0,2,3,2.0,5,2.0,3.0,2,3,2.0,5,3,4,1.0,4,3,2.0,1.0,4,2.0,5,5,4,3.0,4,2.0,4,2.769,31.554,34.913,49,3,2,1,5.359,61.697,74.259,8,1,3,2,2.297,4.122,8.206,5,3,3,2,1,1.21,2.522,3.526,4,1,3,2,1.146,2.331,3.439,3,3,2,1,1.698,2.719,3.491,3,3,1,2,1.35,4.469,5.241,5,3,1,2,72.803,76.092,77.184,5,68037710,2.3333333333333335,2.0,2.0,2.3333333333333335,2.0,2.3333333333333335,2.0,2.0,2.3333333333333335,2.0
14,2019-04-08 00:39:42,2019-04-08 00:44:35,0,98.213.254.231,100,292,1,2019-04-08 00:44:36,R_3elCNs3I5nwLDSa,,,,,42.273895263671875,-89.04740142822265625,anonymous,EN,1,2,55,5,1,2.0,5,2,2,1.0,4,2.0,5.0,5,2,5.0,5,5,5,2,2,2.0,5,2,1.0,5,2.0,1.0,4,4,1.0,5,4,2,1.0,4,4,2.0,4.0,1,4.0,5,5,4,2.0,4,4.0,4,2.955,79.978,80.906,44,3,1,2,20.777,45.169,46.077,3,1,3,2,29.796,36.229,37.463,3,3,1,3,2,12.283,22.117,25.565,3,1,3,2,13.736,16.2,17.234,3,2,1,3,14.414,15.598,16.545,3,3,1,2,12.683,14.802,15.725,3,1,2,3,12.212,14.508,15.26,3,24701749,1.0,3.0,2.5,2.6666666666666665,3.0,1.0,3.0,2.5,2.6666666666666665,3.0
17,2019-04-08 00:40:20,2019-04-08 00:45:05,0,75.109.147.138,100,285,1,2019-04-08 00:45:06,R_1LNX7AOPzhikQqw,,,,,35.62060546875,-77.39440155029296875,anonymous,EN,1,1,33,5,4,5.0,4,1,4,5.0,5,5.0,2.0,5,4,5.0,5,1,4,4,5,5.0,3,5,5.0,5,5.0,1.0,5,1,5.0,4,3,5,5.0,4,4,2.0,5.0,5,5.0,4,1,5,5.0,4,5.0,4,3.6,81.04,82.519,46,2,1,3,26.881,50,51.272,8,3,2,1,32.161,33.609,34.68,3,3,3,2,1,19.677,23.773,24.942,3,1,2,3,14.848,20.144,21.016,3,3,2,1,8.54,9.596,11.228,3,2,1,3,15.866,16.994,18.089,3,3,1,2,11.725,14.453,15.612,3,91658542,5.0,5.0,5.0,1.6666666666666667,5.0,5.0,5.0,5.0,1.6666666666666667,5.0
19,2019-04-08 00:42:29,2019-04-08 00:45:10,0,161.129.70.34,100,161,1,2019-04-08 00:45:11,R_3EcJ37OAnnZXyj3,,,,,33.7552947998046875,-84.38860321044921875,anonymous,EN,1,1,35,6,4,1.0,5,4,4,1.0,4,3.0,3.0,4,5,1.0,4,3,3,5,4,3.0,4,4,1.0,4,3.0,3.0,4,4,1.0,5,4,3,2.0,5,5,2.0,3.0,5,1.0,4,3,4,1.0,5,2.0,3,1.259,31.887,33.195,50,2,3,1,6.356,9.516,10.965,3,3,2,1,1.831,2.513,3.835,3,3,1,3,2,6.48,9.478,10.179,4,2,3,1,5.421,9.941,11.099,5,2,3,1,2.271,2.958,4.531,3,3,1,2,5.1,5.917,6.925,3,2,3,1,1.193,1.983,3.284,3,85400017,1.3333333333333333,1.0,2.75,2.6666666666666665,2.0,1.3333333333333333,1.0,2.75,2.6666666666666665,2.0
20,2019-04-08 00:40:17,2019-04-08 00:45:09,0,71.255.186.37,100,292,1,2019-04-08 00:45:11,R_1EjkVoMUCdxAIHY,,,,,38.9394073486328125,-76.33709716796875,anonymous,EN,1,1,24,5,2,5.0,4,2,4,2.0,4,4.0,4.0,4,2,5.0,5,2,2,2,4,4.0,4,2,2.0,4,4.0,4.0,2,1,5.0,4,2,4,2.0,5,4,4.0,2.0,2,5.0,4,4,2,4.0,4,4.0,2,2.27,89.13,90.379,44,3,1,2,26.429,31.42,32.475,3,1,3,2,32.043,33.887,34.751,3,3,2,3,1,11.768,14.01,15.056,3,2,1,3,13.7,17.164,19.25,3,2,3,1,7.123,9.675,10.474,3,2,1,3,12.282,14.122,14.94,3,2,1,3,18.251,22.147,23.023,3,61099347,2.0,5.0,4.0,4.0,3.0,2.0,5.0,4.0,4.0,3.0
22,2019-04-08 00:40:24,2019-04-08 00:45:16,0,67.1.108.127,100,292,1,2019-04-08 00:45:17,R_1laySSWQa2id1e8,,,,,32.297393798828125,-110.84040069580078125,anonymous,EN,1,2,48,5,2,2.0,3,5,4,1.0,3,2.0,5.0,4,2,4.0,3,4,4,1,2,3.0,5,4,2.0,2,2.0,5.0,4,2,2.0,2,4,3,1.0,3,3,5.0,3.0,1,2.0,2,5,4,3.0,3,3.0,3,0,0,55.4,0,2,1,3,2.107,53.772,54.506,12,1,2,3,7.938,12.729,15.127,5,3,2,3,1,2.394,28.214,29.932,8,2,3,1,2.483,25.176,26.359,9,2,3,1,2.743,44.17,44.855,6,3,2,1,2.811,17.113,18.126,7,3,2,1,2.233,8.936,9.857,5,34843860,1.3333333333333333,2.5,2.5,5.0,3.0,1.3333333333333333,2.5,2.5,5.0,3.0
23,2019-04-08 00:39:46,2019-04-08 00:45:19,0,107.77.199.229,100,332,1,2019-04-08 00:45:19,R_sdoRNTBdi3pF2Lf,,,,,32.8686981201171875,-96.86260223388671875,anonymous,EN,1,1,48,2,2,1.0,4,5,2,1.0,4,4.0,2.0,4,2,4.0,4,4,2,2,2,4.0,4,2,1.0,1,5.0,4.0,2,4,2.0,4,5,2,2.0,4,4,4.0,2.0,2,2.0,4,2,2,2.0,4,2.0,1,4.893,102.151,105.059,51,3,1,2,5.142,34.364,38.235,7,1,2,3,3.938,32.339,37.04,5,3,2,3,1,1.434,23.563,25.88,5,2,1,3,1.906,17.975,19.924,5,2,3,1,7.785,10.202,13.158,4,1,2,3,13.525,19.47,23.418,4,2,3,1,11.977,14.018,16.776,4,31647643,1.3333333333333333,2.25,3.75,3.3333333333333335,2.0,1.3333333333333333,2.25,3.75,3.3333333333333335,2.0
24,2019-04-08 00:39:54,2019-04-08 00:45:22,0,173.171.72.251,100,327,1,2019-04-08 00:45:22,R_3313FbvQxvDQ6C5,,,,,28.017303466796875,-82.74610137939453125,anonymous,EN,1,2,24,5,5,2.0,5,1,5,5.0,5,2.0,1.0,5,5,5.0,5,1,5,5,5,2.0,1,5,5.0,5,4.0,1.0,5,1,1.0,5,1,5,5.0,5,5,1.0,1.0,5,5.0,5,1,5,4.0,5,5.0,4,2.483,115.597,116.25,46,2,3,1,18.274,28.741,40.318,5,3,1,2,17.744,22.383,23.045,5,3,3,1,2,21.068,22.21,23.064,3,3,2,1,27.876,29.783,32.017,3,2,1,3,15.309,16.979,19.191,3,2,3,1,11.133,13.369,14.926,3,1,3,2,11.763,25.309,26.175,4,38791189,5.0,3.25,3.25,1.0,2.5,5.0,3.25,3.25,1.0,2.5
25,2019-04-08 00:39:56,2019-04-08 00:45:30,0,45.61.48.124,100,333,1,2019-04-08 00:45:30,R_3EuwRR2HGY462Ns,,,,,37.751007080078125,-97.82199859619140625,anonymous,EN,1,1,23,5,5,4.0,3,5,4,2.0,4,2.0,1.0,3,3,2.0,4,5,5,4,4,2.0,5,4,2.0,5,3.0,5.0,4,4,2.0,3,4,4,1.0,4,3,2.0,2.0,3,2.0,4,5,4,3.0,4,1.0,3,2.224,81.138,83.456,49,1,3,2,20.585,37.298,38.34,6,3,1,2,8.766,24.925,25.892,3,3,2,3,,25.064,40.295,42.032,8,3,2,1,6.668,15.196,17.883,3,1,3,2,8.912,15.83,16.801,3,,,3,18.975,28.204,29.475,3,1,3,,23.718,37.197,38.089,5,79427959,1.6666666666666667,2.5,2.0,2.6666666666666665,2.5,1.6666666666666667,2.5,2.0,2.6666666666666665,2.5
27,2019-04-08 00:39:41,2019-04-08 00:45:48,0,73.176.13.78,100,367,1,2019-04-08 00:45:49,R_xEhUxdxWTM7MhTr,,,,,41.4922027587890625,-87.46050262451171875,anonymous,EN,1,2,36,5,2,2.0,4,2,2,2.0,3,4.0,2.0,4,2,2.0,5,2,2,2,2,4.0,3,4,2.0,4,4.0,2.0,2,3,2.0,4,4,2,2.0,2,4,2.0,2.0,2,2.0,4,2,2,2.0,3,4.0,3,3.563,108.354,109.086,49,2,1,3,39.679,44.589,47.707,3,3,2,1,4.75,70.686,72.178,8,3,1,2,3,11.376,13.201,14.733,4,2,1,3,16.219,25.876,27.73,4,3,1,2,16.65,24.409,25.718,3,1,3,2,10.511,11.615,13.308,3,2,3,1,11.549,13.029,14.41,3,55168873,2.0,2.0,4.0,2.0,2.0,2.0,2.0,4.0,2.0,2.0
29,2019-04-08 00:40:19,2019-04-08 00:46:13,0,209.182.217.48,100,353,1,2019-04-08 00:46:13,R_27keh8rm3K7MEnB,,,,,37.751007080078125,-97.82199859619140625,anonymous,EN,1,1,22,5,5,3.0,5,4,3,2.0,4,3.0,1.0,4,5,3.0,5,4,5,4,5,3.0,1,3,2.0,3,4.0,3.0,3,4,1.0,4,5,3,4.0,3,4,3.0,2.0,4,2.0,3,4,4,3.0,4,2.0,4,2.431,81.209,82.042,51,1,3,2,8.321,39.811,42.184,3,,2,3,24.614,27.62,29.92,3,3,3,1,2,25.123,35.551,38.009,9,3,2,1,6.192,39.858,60.96,8,1,2,3,6.005,10.2,10.362,4,1,3,2,7.155,13.628,15.358,4,1,2,3,10.721,15.104,16.537,3,82309260,2.6666666666666665,2.25,3.0,2.3333333333333335,2.5,2.6666666666666665,2.25,3.0,2.3333333333333335,2.5
30,2019-04-08 00:39:35,2019-04-08 00:46:37,0,124.97.56.124,100,421,1,2019-04-08 00:46:37,R_DdCQf5fFFv62Nih,,,,,35.1475982666015625,136.8966064453125,anonymous,EN,1,1,26,5,1,1.0,1,5,4,1.0,3,3.0,5.0,5,1,5.0,1,5,3,1,2,3.0,5,5,1.0,1,1.0,5.0,1,1,1.0,1,5,4,1.0,1,1,5.0,1.0,1,1.0,1,5,1,1.0,1,1.0,5,3.054,200.758,201.308,53,1,3,2,9.642,33.958,35.207,9,1,3,2,2,29.843,30.389,9,3,3,2,1,1.633,26.991,27.628,13,1,2,3,2.781,48.469,49.116,5,1,3,2,5.392,10.393,10.809,6,3,1,2,7.582,10.358,10.855,3,3,2,1,21.156,24.491,25.249,6,55250027,1.0,2.0,2.0,5.0,1.0,1.0,2.0,2.0,5.0,1.0
31,2019-04-08 00:40:09,2019-04-08 00:46:38,0,107.175.1.78,100,388,1,2019-04-08 00:46:39,R_sifx18iif3zoUI9,,,,,42.8863983154296875,-78.8780975341796875,anonymous,EN,1,1,24,5,5,1.0,5,1,4,1.0,5,4.0,1.0,4,5,2.0,5,2,4,4,5,4.0,1,4,2.0,4,2.0,4.0,4,4,2.0,5,5,4,4.0,4,4,2.0,2.0,5,5.0,4,2,4,2.0,5,2.0,4,4.181,107.352,107.875,50,1,3,2,7.773,38.445,39.787,7,1,3,2,13.094,33.235,35.477,11,3,1,2,3,12.369,14.882,17.1,3,2,1,3,6.643,20.595,22.21,4,1,3,2,16.853,19.005,20.682,3,1,2,3,5.818,12.628,13.718,5,3,2,1,9.227,12.6,13.773,4,64940067,2.3333333333333335,2.5,3.0,2.3333333333333335,2.0,2.3333333333333335,2.5,3.0,2.3333333333333335,2.0
32,2019-04-08 00:41:36,2019-04-08 00:46:44,0,73.189.180.66,100,308,1,2019-04-08 00:46:45,R_3dQuknBLyExz1yf,,,,,37.3303985595703125,-121.7913055419921875,anonymous,EN,1,2,35,5,2,2.0,5,1,4,2.0,3,4.0,1.0,5,2,5.0,5,4,3,2,1,5.0,1,4,2.0,1,5.0,1.0,4,4,1.0,5,1,5,2.0,2,4,1.0,5.0,2,1.0,4,1,4,4.0,4,5.0,3,101.037,101.037,127.849,1,2,1,3,30.206,36.356,42.165,4,2,1,3,10.745,14.639,15.615,8,3,2,3,1,22.844,28.655,33.626,4,2,3,1,11.308,19.7,22.692,7,2,1,3,7.143,10.282,12.102,4,2,1,3,11.31,12.917,14.836,3,1,2,3,13.3,17.305,19.06,7,61775401,2.0,2.25,4.75,1.0,4.5,2.0,2.25,4.75,1.0,4.5
33,2019-04-08 00:44:03,2019-04-08 00:46:46,0,196.19.157.160,100,162,1,2019-04-08 00:46:47,R_2BfUk4a1G0hQIBW,,,,,39.099700927734375,-94.5785980224609375,anonymous,EN,1,1,28,6,4,3.0,4,5,4,1.0,5,3.0,2.0,5,4,1.0,4,5,3,4,5,2.0,5,4,1.0,4,3.0,2.0,5,4,1.0,4,5,4,1.0,3,4,2.0,1.0,4,1.0,4,4,5,2.0,3,2.0,5,27.446,57.613,58.497,49,3,2,1,1.405,8.822,10.112,16,1,2,3,5.037,7.146,8.034,4,3,3,1,2,1.638,7.66,8.697,10,3,1,2,1.548,2.933,3.804,3,3,1,2,1.795,6.227,7.04,6,1,3,2,1.608,3.959,4.751,4,3,1,2,1.903,3.678,4.4,3,53561781,1.0,1.5,2.5,2.0,1.5,1.0,1.5,2.5,2.0,1.5
34,2019-04-08 00:40:18,2019-04-08 00:46:49,0,104.194.218.205,100,391,1,2019-04-08 00:46:50,R_cClpluedLdjSn3H,,,,,39.048095703125,-77.47280120849609375,anonymous,EN,1,1,35,6,4,1.0,4,3,4,1.0,4,3.0,2.0,5,4,3.0,4,5,4,3,5,2.0,3,4,1.0,4,3.0,2.0,5,4,1.0,4,3,4,1.0,4,3,2.0,1.0,4,3.0,4,5,4,1.0,4,3.0,4,31.769,123.63,129.896,44,3,2,1,55.752,58.775,61.984,4,1,3,2,31.424,34.215,36.336,6,3,1,2,3,5.273,6.218,8.621,3,2,3,1,2.865,3.696,6.413,3,1,2,3,1.133,2.829,5.176,4,2,1,3,1.989,3.773,4.753,3,2,1,3,1.754,3.311,4.62,3,88602522,1.0,2.0,2.75,2.0,1.0,1.0,2.0,2.75,2.0,1.0
37,2019-04-08 00:41:25,2019-04-08 00:46:53,0,182.18.229.85,100,328,1,2019-04-08 00:46:54,R_3FVfTdUI3WSSHdR,,,,,14.600006103515625,121.033294677734375,anonymous,EN,1,2,39,3,2,4.0,5,1,2,2.0,5,4.0,1.0,5,3,5.0,5,2,2,3,5,3.0,2,2,1.0,4,3.0,1.0,2,1,5.0,4,2,2,1.0,5,4,1.0,4.0,2,5.0,4,1,3,2.0,4,4.0,1,4.678,89.073,90.26,46,3,1,2,31.945,33.376,34.821,3,1,3,2,48.35,56.942,58.346,4,3,1,3,2,25.828,28.827,34.178,3,2,1,3,16.207,18.086,18.848,3,2,3,1,23.642,25.557,26.294,3,3,1,2,7.224,12.825,13.707,3,3,1,2,16.063,19.19,20.081,3,46008691,1.3333333333333333,4.75,3.5,1.0,3.0,1.3333333333333333,4.75,3.5,1.0,3.0
38,2019-04-08 00:41:13,2019-04-08 00:46:55,0,172.91.86.202,100,342,1,2019-04-08 00:46:56,R_1EcZJBvSXMC8QKo,,,,,34.0446929931640625,-118.448699951171875,anonymous,EN,1,2,24,3,1,4.0,2,1,1,1.0,4,2.0,1.0,2,1,5.0,2,4,1,1,5,2.0,4,4,1.0,4,2.0,1.0,1,1,5.0,2,1,1,1.0,5,2,2.0,1.0,1,5.0,2,5,2,1.0,4,1.0,1,2.935,88.457,89.276,44,2,3,1,5.771,83.38,85.352,6,3,2,1,19.923,22.373,23.172,5,3,2,1,3,1.373,25.968,26.702,4,1,2,3,19.608,23.334,24.075,3,3,1,2,11.883,13.674,14.527,4,1,3,2,10.479,14.48,15.724,3,1,3,2,11.515,15.248,16.069,4,91969269,1.0,4.75,1.75,1.3333333333333333,1.0,1.0,4.75,1.75,1.3333333333333333,1.0
39,2019-04-08 00:40:58,2019-04-08 00:46:58,0,196.16.111.160,100,360,1,2019-04-08 00:46:58,R_2qCc1mnPfErktnz,,,,,34.0543975830078125,-118.2440032958984375,anonymous,EN,1,2,27,5,4,3.0,3,4,3,2.0,4,2.0,2.0,3,3,3.0,4,3,3,4,3,2.0,3,4,3.0,4,2.0,3.0,4,3,3.0,3,4,4,3.0,4,3,4.0,3.0,3,3.0,3,4,3,3.0,3,3.0,4,2.284,52.07,53.522,48,1,3,2,37.596,49.909,53.081,4,3,2,1,29.048,39.704,44.282,4,3,3,2,1,9.943,24.935,27.08,5,3,2,1,31.185,35.665,37.168,3,3,2,1,24.496,34.145,35.131,3,1,2,3,27.648,30.993,31.546,4,1,3,2,15.991,23.927,24.83,3,15526430,2.6666666666666665,3.0,2.25,3.0,3.0,2.6666666666666665,3.0,2.25,3.0,3.0
40,2019-04-08 00:40:28,2019-04-08 00:47:14,0,47.227.122.222,100,405,1,2019-04-08 00:47:14,R_3mgiYolTizk89t1,,,,,39.7436065673828125,-86.1157989501953125,anonymous,EN,1,1,47,3,4,5.0,1,3,3,3.0,5,2.0,2.0,4,2,5.0,4,3,4,4,5,2.0,3,4,4.0,4,2.0,2.0,3,3,4.0,2,4,4,3.0,5,3,2.0,4.0,4,3.0,3,3,4,2.0,4,2.0,3,6.261,137.164,142.804,47,3,1,2,33.957,50.603,51.585,3,1,2,3,45.842,49.798,50.654,3,3,3,2,1,22.666,30.753,31.873,3,2,1,3,27.775,31.295,32.235,3,2,3,1,11.952,18,19.256,3,2,1,3,11.029,15.737,16.818,3,2,3,1,13.287,15.471,16.324,3,87084962,3.3333333333333335,4.25,2.0,2.0,3.0,3.3333333333333335,4.25,2.0,2.0,3.0
42,2019-04-08 00:41:10,2019-04-08 00:47:21,0,104.237.80.80,100,370,1,2019-04-08 00:47:21,R_sRVB7i29AUAvqlr,,,,,32.790802001953125,-96.8336029052734375,anonymous,EN,1,2,40,7,4,1.0,4,3,4,1.0,5,2.0,3.0,4,5,2.0,3,4,5,4,3,2.0,5,4,3.0,4,1.0,2.0,3,4,1.0,4,3,5,3.0,4,4,1.0,2.0,3,2.0,5,4,3,2.0,5,2.0,3,1.4,60.412,61.841,44,1,2,3,14.536,15.743,21.701,3,1,2,3,17.135,17.998,169.349,3,3,2,3,1,1.303,2.04,3.67,3,3,1,2,1.845,3.477,4.474,4,1,2,3,1.455,2.749,3.865,3,2,3,1,1.32,1.901,3.053,3,2,1,3,1.196,1.972,3.358,3,46091443,2.3333333333333335,1.5,1.75,2.0,2.0,2.3333333333333335,1.5,1.75,2.0,2.0
43,2019-04-08 00:40:08,2019-04-08 00:47:22,0,138.43.132.196,100,434,1,2019-04-08 00:47:22,R_3ixlp8FQE3TxHmC,,,,,36.5052947998046875,-84.529296875,anonymous,EN,1,2,24,2,2,5.0,5,3,3,2.0,4,4.0,4.0,4,2,5.0,5,4,4,3,4,4.0,3,4,2.0,4,4.0,2.0,4,4,5.0,5,2,2,2.0,4,4,2.0,1.0,2,3.0,4,4,4,3.0,4,4.0,3,4.832,144.554,145.883,125,3,1,2,17.342,39.886,44.992,8,1,3,2,14.674,39,42.227,10,3,2,3,1,11.32,24.152,26.739,10,3,2,1,10.567,44.85,45.609,18,2,3,1,12.811,18.539,19.138,7,3,1,2,11.037,20.746,24.916,9,2,3,1,18.905,21.823,22.433,7,41593436,2.0,4.5,4.0,2.6666666666666665,2.0,2.0,4.5,4.0,2.6666666666666665,2.0
44,2019-04-08 00:40:58,2019-04-08 00:47:23,0,71.11.69.167,100,385,1,2019-04-08 00:47:24,R_3KW3QDo8vbX0CgP,,,,,43.2151031494140625,-124.198394775390625,anonymous,EN,1,2,33,3,4,2.0,4,2,5,4.0,2,3.0,4.0,4,2,5.0,4,3,4,3,4,2.0,3,5,3.0,3,4.0,4.0,4,4,3.0,4,4,4,2.0,4,4,3.0,3.0,4,4.0,4,2,3,5.0,4,4.0,4,5.949,134.914,135.853,49,1,3,2,18.411,21.758,23.78,3,3,1,2,22.19,43.132,44.773,5,3,1,2,3,13.233,33.63,58.287,7,2,1,3,20.983,25.821,27.285,3,2,1,3,11.459,16.64,17.866,3,2,1,3,8.926,13.848,16.422,4,2,3,1,13.705,18.296,19.981,5,30117829,3.0,3.5,3.25,3.6666666666666665,4.0,3.0,3.5,3.25,3.6666666666666665,4.0
45,2019-04-08 00:41:19,2019-04-08 00:47:34,0,70.95.112.26,100,375,1,2019-04-08 00:47:34,R_2VL93gTJkqXQrEl,,,,,32.820098876953125,-117.098602294921875,anonymous,EN,1,1,36,3,5,2.0,4,4,4,2.0,5,2.0,4.0,5,2,5.0,4,5,4,4,5,1.0,5,4,2.0,1,2.0,4.0,4,1,4.0,2,4,5,2.0,5,2,4.0,2.0,2,5.0,2,5,5,5.0,2,2.0,5,3.762,113.958,115.052,48,2,1,3,30.001,58.58,59.724,6,1,3,2,25.225,30.957,32.612,4,3,1,3,2,24.447,27.821,29.549,3,2,3,1,33.075,38.676,40.443,3,1,2,3,17.33,23.539,24.632,3,1,3,2,13.96,16.918,18.784,3,3,1,2,8.985,18.85,22.287,4,73183848,2.0,4.0,1.75,4.0,3.5,2.0,4.0,1.75,4.0,3.5
47,2019-04-08 00:41:23,2019-04-08 00:48:07,0,23.236.128.170,100,404,1,2019-04-08 00:48:08,R_1n6DmqWAEWy2lHZ,,,,,30.2884063720703125,-81.63610076904296875,anonymous,EN,1,1,35,5,5,3.0,5,1,4,4.0,3,5.0,3.0,4,5,4.0,5,4,3,4,5,5.0,2,5,3.0,5,4.0,2.0,5,5,5.0,3,1,5,4.0,4,5,3.0,1.0,5,2.0,5,4,5,5.0,5,3.0,4,2.398,103.68,104.635,49,2,3,1,19.566,39.638,40.987,5,1,3,2,15.903,21.071,25.083,4,3,3,2,1,44.276,50.34,52.472,5,3,1,2,19.749,27.605,31.311,4,2,3,1,16.137,29.826,30.751,5,2,1,3,18.668,26.509,30.535,3,1,2,3,16.909,24.534,26.125,3,33233961,3.6666666666666665,3.5,4.25,2.6666666666666665,3.0,3.6666666666666665,3.5,4.25,2.6666666666666665,3.0
48,2019-04-08 00:40:50,2019-04-08 00:48:16,0,196.17.251.64,100,446,1,2019-04-08 00:48:16,R_33yijQuNJyhp3Ot,,,,,39.099700927734375,-94.5785980224609375,anonymous,EN,1,1,28,5,4,2.0,5,4,4,2.0,4,3.0,2.0,4,4,2.0,4,4,4,4,4,2.0,3,4,1.0,5,2.0,3.0,4,4,2.0,4,4,4,3.0,4,4,2.0,2.0,4,2.0,3,3,3,2.0,4,3.0,4,2.946,79.027,80.401,59,1,2,3,21.922,89.246,90.694,16,3,1,2,22.723,33.61,34.883,5,3,3,1,2,14.568,21.113,22.22,4,3,1,2,47.273,52.333,53.59,4,3,2,1,21.922,29.072,31.039,4,1,2,3,8.464,10.532,12.307,3,1,3,2,3.443,6.604,7.633,4,73399782,2.0,2.0,2.5,2.3333333333333335,2.0,2.0,2.0,2.5,2.3333333333333335,2.0
50,2019-04-08 00:42:43,2019-04-08 00:48:37,0,196.19.159.166,100,353,1,2019-04-08 00:48:37,R_1hKh33elREq0oYN,,,,,39.099700927734375,-94.5785980224609375,anonymous,EN,1,1,28,6,4,5.0,4,1,4,2.0,5,5.0,2.0,1,4,5.0,5,1,1,4,5,5.0,1,5,5.0,4,5.0,1.0,4,5,2.0,5,1,1,4.0,4,5,2.0,2.0,2,5.0,4,1,4,5.0,4,5.0,2,1.678,104.379,106.655,50,1,3,2,29.712,32.024,33.16,5,1,2,3,22.47,43.249,44.375,9,3,1,2,3,40.818,42.331,43.192,3,2,3,1,22.565,24.389,27.111,4,1,3,2,6.262,7.672,8.637,3,3,2,1,13.983,15.759,16.479,3,3,1,2,10.656,11.566,12.429,3,36140368,3.6666666666666665,4.25,5.0,1.6666666666666667,3.5,3.6666666666666665,4.25,5.0,1.6666666666666667,3.5
52,2019-04-08 00:39:53,2019-04-08 00:48:48,0,174.204.11.56,100,534,1,2019-04-08 00:48:48,R_12cllIdwgG0EU5k,,,,,38.83380126953125,-76.9994964599609375,anonymous,EN,1,1,47,4,4,4.0,5,2,4,5.0,4,4.0,2.0,4,4,5.0,5,5,4,3,4,5.0,4,4,4.0,2,5.0,2.0,4,3,4.0,5,2,4,5.0,4,5,2.0,5.0,4,5.0,5,3,4,5.0,3,2.0,3,6.726,203.068,204.285,49,3,1,2,22.873,86.58,89.358,6,1,2,3,28.597,31.369,34.43,4,3,1,2,3,5.835,42.753,46.761,4,1,3,2,29.571,36.111,39.202,4,1,2,3,15.166,18.884,20.318,3,2,1,3,15.921,20.904,22.579,3,1,3,2,15.052,20.672,23.368,4,46702100,4.666666666666667,4.5,4.0,2.0,5.0,4.666666666666667,4.5,4.0,2.0,5.0
53,2019-04-08 00:39:36,2019-04-08 00:48:52,0,64.188.178.126,100,555,1,2019-04-08 00:48:53,R_3hFKLeeD5LLyuim,,,,,43.1392059326171875,-115.69629669189453125,anonymous,EN,1,2,32,3,2,4.0,5,3,4,2.0,4,4.0,1.0,4,3,4.0,4,2,3,2,4,5.0,1,3,2.0,4,3.0,1.0,4,4,3.0,4,2,5,2.0,4,5,1.0,4.0,3,3.0,4,1,4,4.0,4,3.0,4,3.578,114.154,115.367,45,1,3,2,28.942,33.398,43.297,3,3,2,1,128.009,148.04,149.914,5,3,3,1,2,14.295,24.765,28.76,3,1,2,3,32.584,35.238,36.496,3,2,3,1,11.794,14.143,15.095,3,3,2,1,11.961,22.251,23.98,3,2,3,1,12.167,13.469,14.641,3,31151338,2.0,3.5,3.75,1.0,4.0,2.0,3.5,3.75,1.0,4.0
54,2019-04-08 00:40:09,2019-04-08 00:49:01,0,49.150.241.59,100,531,1,2019-04-08 00:49:01,R_1E4XVmAZZ883n0m,,,,,16.4163970947265625,120.593109130859375,anonymous,EN,1,1,32,5,4,3.0,4,2,3,4.0,3,3.0,3.0,4,4,3.0,4,4,4,4,4,3.0,4,4,3.0,4,3.0,3.0,4,4,3.0,4,4,3,4.0,4,4,2.0,3.0,4,3.0,3,4,4,3.0,3,3.0,3,3.857,177.229,179.036,49,1,2,3,50.623,59.971,65.004,4,1,2,3,39.797,43.147,45.034,3,3,3,1,2,18.581,26.642,30.745,3,3,1,2,26.228,35.091,36.801,4,2,1,3,33.796,40.138,41.694,3,1,2,3,7.883,18.3,20.187,6,2,3,1,5.635,10.193,12.874,3,71238911,3.6666666666666665,3.0,3.0,2.6666666666666665,3.0,3.6666666666666665,3.0,3.0,2.6666666666666665,3.0
56,2019-04-08 00:41:38,2019-04-08 00:49:08,0,104.200.38.73,100,449,1,2019-04-08 00:49:08,R_2dj7zS1QE3fjJN8,,,,,35.6699066162109375,-97.46469879150390625,anonymous,EN,1,2,28,5,4,1.0,3,4,4,1.0,3,3.0,2.0,4,5,4.0,4,4,2,3,4,2.0,5,4,3.0,4,2.0,1.0,3,3,2.0,5,3,3,2.0,5,4,3.0,2.0,5,2.0,3,4,5,1.0,4,3.0,4,1.774,38.002,39.115,49,1,3,2,6.772,87.124,88.393,10,3,2,1,9.059,60.629,62.065,5,3,1,3,2,5.124,124.302,127.953,11,1,3,2,4.395,38.419,39.072,16,3,2,1,8.848,12.929,14.267,5,1,3,2,7.691,13.149,14.473,4,1,2,3,5.525,7.326,8.45,3,87685788,2.0,2.25,2.5,2.0,1.5,2.0,2.25,2.5,2.0,1.5
57,2019-04-08 00:41:03,2019-04-08 00:49:29,0,97.85.91.126,100,506,1,2019-04-08 00:49:29,R_114lYnqBeQt9RN1,,,,,44.7631072998046875,-85.62059783935546875,anonymous,EN,1,1,51,6,5,2.0,5,2,2,1.0,4,5.0,4.0,4,4,5.0,5,4,2,4,4,4.0,5,2,2.0,4,4.0,2.0,2,2,4.0,5,2,2,2.0,4,4,4.0,4.0,4,5.0,5,2,3,2.0,4,2.0,2,4.5,155.777,157.741,126,2,3,1,11.876,69.385,70.1,13,3,2,1,9.385,61.364,62.062,16,3,3,1,2,18.674,42.532,43.356,11,3,1,2,14.033,49.371,50.074,11,1,3,2,7.701,23.402,24.034,7,2,3,1,12.601,21.639,22.384,7,1,3,2,3.114,20.736,21.551,9,80033253,1.6666666666666667,4.0,3.75,3.3333333333333335,3.0,1.6666666666666667,4.0,3.75,3.3333333333333335,3.0
58,2019-04-08 00:40:06,2019-04-08 00:49:47,0,45.23.132.103,100,580,1,2019-04-08 00:49:47,R_DwrRdYjFdcO888N,,,,,29.9196014404296875,-95.4385986328125,anonymous,EN,1,2,23,5,4,3.0,5,2,5,3.0,5,2.0,1.0,5,4,5.0,5,4,5,5,4,2.0,3,4,3.0,4,4.0,3.0,4,2,4.0,2,3,5,3.0,5,3,2.0,2.0,4,5.0,4,4,4,4.0,4,3.0,4,4.511,149.939,151.275,51,1,3,2,60.219,134.784,135.898,7,2,1,3,37.702,51.88,53.893,5,3,3,2,1,14.614,16.854,18.348,3,1,2,3,15.643,18.33,19.542,3,1,2,3,11.671,14.113,15.493,3,2,3,1,13.003,22.584,23.981,3,2,3,1,9.443,17.54,19.922,3,35229920,3.0,4.25,2.75,2.0,3.0,3.0,4.25,2.75,2.0,3.0
59,2019-04-08 00:42:05,2019-04-08 00:49:53,0,45.57.196.189,100,468,1,2019-04-08 00:49:53,R_22XGdfIjc3bIljr,,,,,39.99139404296875,-83.0034027099609375,anonymous,EN,1,2,28,5,4,2.0,3,4,3,3.0,5,4.0,3.0,5,4,2.0,4,3,4,3,4,3.0,4,2,2.0,5,3.0,3.0,5,3,2.0,2,4,4,3.0,2,4,3.0,1.0,4,3.0,3,4,3,1.0,4,2.0,3,1.617,59.315,69.132,44,2,3,1,11.266,13.466,15.107,3,,2,1,5.7,19.379,20.883,4,3,1,2,3,8.778,10.658,12.005,3,2,1,3,7.965,8.845,10.059,3,3,1,2,8.617,10.442,11.844,3,3,1,2,6.033,10.737,12.274,7,2,1,3,4.191,9.062,10.375,5,97401881,2.6666666666666665,2.25,3.0,3.0,1.0,2.6666666666666665,2.25,3.0,3.0,1.0
60,2019-04-08 00:45:45,2019-04-08 00:49:54,0,161.129.68.85,100,249,1,2019-04-08 00:49:54,R_3DkByAPe1SwYAzO,,,,,32.8137054443359375,-96.87039947509765625,anonymous,EN,1,1,40,6,5,2.0,4,3,3,2.0,4,1.0,2.0,3,3,2.0,5,5,4,3,4,3.0,3,4,1.0,5,2.0,3.0,3,4,2.0,5,4,3,3.0,4,5,1.0,3.0,4,3.0,5,4,3,2.0,5,1.0,4,5.398,32.666,43.601,49,2,3,1,6.553,12.976,16.017,10,3,1,2,4.887,6.625,7.534,4,3,2,1,3,1.316,2.138,3.419,3,1,3,2,3.953,4.625,5.838,3,3,2,1,1.79,3.597,4.856,4,1,3,2,1.316,1.989,2.604,3,1,3,2,1.057,4.097,4.996,5,11980709,2.0,2.25,1.75,2.0,2.5,2.0,2.25,1.75,2.0,2.5
61,2019-04-08 00:42:12,2019-04-08 00:49:55,0,24.23.0.120,100,463,1,2019-04-08 00:49:56,R_24Gn2lfDrfwuyqR,,,,,38.4799041748046875,-121.445098876953125,anonymous,EN,1,2,26,5,5,2.0,5,4,5,2.0,5,2.0,1.0,4,5,2.0,5,4,5,4,5,2.0,5,4,1.0,4,1.0,2.0,5,4,1.0,4,5,4,1.0,4,5,2.0,1.0,4,1.0,4,5,4,1.0,5,2.0,5,10.484,89.295,90.415,45,3,1,2,36.78,40.98,49.885,3,,1,3,6.546,16.082,17.254,5,3,,3,1,14.467,17.474,33.142,3,2,3,1,3.452,5.423,7.346,3,2,3,1,2.19,17.335,20.339,3,1,,3,7.022,11.518,12.8,5,1,2,3,4.955,7.463,10.104,3,22854068,1.3333333333333333,1.5,1.75,1.6666666666666667,1.0,1.3333333333333333,1.5,1.75,1.6666666666666667,1.0
62,2019-04-08 00:47:04,2019-04-08 00:50:04,0,209.135.132.136,100,180,1,2019-04-08 00:50:04,R_1ezYgEd0qqf49Qw,,,,,37.751007080078125,-97.82199859619140625,anonymous,EN,1,1,34,5,5,5.0,2,4,5,5.0,2,1.0,1.0,1,5,5.0,5,2,4,3,4,5.0,4,2,3.0,1,1.0,5.0,5,5,3.0,3,1,5,5.0,5,2,2.0,1.0,4,4.0,3,1,4,5.0,2,2.0,5,0,0,36.977,0,3,1,2,0,0,10.169,0,3,1,2,0,0,9.368,0,3,1,2,3,0,0,6.115,0,1,2,3,5.296,10.727,12.148,6,3,2,1,5.562,6.282,8.029,2,2,3,1,4.067,4.067,5.039,1,2,1,3,6.055,6.055,6.907,1,27674134,4.333333333333333,4.25,2.25,2.6666666666666665,3.0,4.333333333333333,4.25,2.25,2.6666666666666665,3.0
63,2019-04-08 00:41:24,2019-04-08 00:50:15,0,174.193.141.152,100,531,1,2019-04-08 00:50:16,R_2uqAAORtxMIHdr6,,,,,35.291595458984375,-80.820098876953125,anonymous,EN,1,1,51,5,2,5.0,5,3,4,2.0,5,4.0,2.0,4,2,5.0,5,4,4,3,4,4.0,3,4,2.0,5,5.0,2.0,4,1,5.0,5,2,4,2.0,5,5,3.0,2.0,2,5.0,4,4,4,5.0,4,4.0,4,13.913,190.205,191.525,59,3,2,1,37.166,53.074,54.555,4,1,3,2,46.221,52.046,53.178,4,3,3,2,1,34.328,42.542,43.829,4,2,3,1,44.957,56.125,57.196,4,3,2,1,12.055,17.519,18.794,4,3,1,2,17.437,30.346,31.357,4,3,1,2,16.323,24.092,26.176,4,91812669,2.0,5.0,4.25,2.3333333333333335,3.5,2.0,5.0,4.25,2.3333333333333335,3.5
64,2019-04-08 00:46:53,2019-04-08 00:50:18,0,196.19.157.232,100,204,1,2019-04-08 00:50:18,R_3j7mJGQ9CHkdic2,,,,,39.099700927734375,-94.5785980224609375,anonymous,EN,1,2,28,5,4,3.0,4,2,4,1.0,3,2.0,3.0,4,5,3.0,4,4,3,4,5,3.0,4,3,3.0,5,2.0,3.0,3,4,3.0,4,4,3,2.0,3,4,3.0,2.0,3,3.0,4,3,4,4.0,3,2.0,3,1.143,31.406,33.035,46,1,2,3,7.572,16.732,17.956,6,3,1,2,5.011,17.826,23.156,4,3,3,1,2,6.778,11.714,12.417,6,3,2,1,6.035,8.451,9.234,4,2,3,1,8.937,10.025,11.071,3,3,2,1,8.073,9.312,22.053,3,1,3,2,2.706,3.906,5.152,3,90865905,2.0,3.0,2.25,3.0,3.0,2.0,3.0,2.25,3.0,3.0
65,2019-04-08 00:46:35,2019-04-08 00:50:27,0,209.182.216.218,100,232,1,2019-04-08 00:50:27,R_28V49d99V6jPgoj,,,,,37.751007080078125,-97.82199859619140625,anonymous,EN,1,1,23,5,3,2.0,3,4,3,2.0,3,2.0,3.0,4,3,2.0,3,4,3,4,3,2.0,3,4,3.0,4,3.0,2.0,3,4,3.0,4,3,4,3.0,3,4,3.0,2.0,3,2.0,3,4,3,2.0,3,2.0,3,1.084,29.983,31.254,48,2,3,1,7.092,47.359,48.02,5,1,2,3,3.961,14.345,14.881,5,3,3,1,2,2.861,11.656,13.136,4,1,3,2,1.835,16.251,17.668,6,3,1,2,2.623,12.096,12.661,7,3,2,1,3.671,6.962,16.789,6,3,1,2,2.773,34.018,36.487,10,83769078,2.6666666666666665,2.25,2.25,2.6666666666666665,2.0,2.6666666666666665,2.25,2.25,2.6666666666666665,2.0
66,2019-04-08 00:41:30,2019-04-08 00:50:30,0,68.185.144.145,100,540,1,2019-04-08 00:50:31,R_2VjSUReMoutlpBq,,,,,32.3834075927734375,-86.24340057373046875,anonymous,EN,1,1,50,5,5,4.0,5,2,5,1.0,5,4.0,2.0,2,5,5.0,5,5,5,5,5,4.0,4,5,1.0,5,4.0,4.0,4,5,3.0,5,2,5,4.0,4,5,4.0,1.0,4,3.0,5,2,5,1.0,5,5.0,3,5.087,117.408,118.458,52,3,1,2,25.356,64.769,67.002,6,,,3,23.7,56.623,57.953,8,3,1,2,,23.797,33.777,36.971,5,2,1,3,25.027,61.656,64.844,5,1,2,3,15.569,37.394,39.219,7,2,3,1,41.076,44.003,45.902,4,2,1,3,2.057,3.464,5.36,3,14755211,2.0,3.75,4.25,3.3333333333333335,1.0,2.0,3.75,4.25,3.3333333333333335,1.0
67,2019-04-08 00:41:09,2019-04-08 00:50:31,0,72.79.143.137,100,561,1,2019-04-08 00:50:31,R_1JPV8ipSO55GDgJ,,,,,41.066497802734375,-76.24430084228515625,anonymous,EN,1,2,33,3,3,3.0,3,1,1,3.0,1,5.0,1.0,1,3,3.0,5,3,1,3,3,5.0,3,1,3.0,3,5.0,1.0,1,3,3.0,3,3,3,5.0,1,3,1.0,1.0,4,3.0,3,1,1,1.0,3,5.0,1,3.226,166.5,168.126,45,2,1,3,22.944,25.286,41.696,3,1,2,3,34.11,49.614,54.794,6,3,3,2,1,18.812,39.628,133.582,5,1,3,2,19.346,22.498,23.77,3,3,2,1,8.798,21.076,22.398,4,2,3,1,22.1,25.396,26.832,4,3,2,1,7.662,10.9,12.34,3,34068121,3.6666666666666665,3.0,5.0,1.0,1.0,3.6666666666666665,3.0,5.0,1.0,1.0
68,2019-04-08 00:47:54,2019-04-08 00:50:35,0,104.129.19.23,100,161,1,2019-04-08 00:50:36,R_2TQYvPfv9VvwCGB,,,,,33.7552947998046875,-84.38860321044921875,anonymous,EN,1,1,35,6,3,2.0,5,4,3,1.0,4,3.0,2.0,5,4,3.0,4,3,5,4,3,2.0,5,4,3.0,4,1.0,2.0,3,5,2.0,5,3,5,2.0,3,4,1.0,3.0,4,1.0,4,3,4,1.0,4,1.0,3,9.078,44.532,46.034,48,1,2,3,1.213,4.67,5.368,4,2,1,3,1.528,3.723,5.242,5,3,3,2,1,1.403,8.571,9.362,5,3,2,1,0.809,1.625,2.667,3,2,1,3,1.885,4.255,5.779,4,1,2,3,0.927,1.687,2.491,3,1,3,2,3.034,3.818,5.38,3,24651040,2.0,2.0,1.75,1.6666666666666667,2.0,2.0,2.0,1.75,1.6666666666666667,2.0
70,2019-04-08 00:41:00,2019-04-08 00:50:38,0,73.169.159.58,100,577,1,2019-04-08 00:50:38,R_1QEL0j7Lexlg9YB,,,,,47.7344970703125,-117.44699859619140625,anonymous,EN,1,2,29,4,4,4.0,5,1,4,1.0,4,4.0,2.0,5,4,5.0,4,2,4,5,4,5.0,4,5,4.0,2,5.0,2.0,5,5,4.0,4,1,4,4.0,5,4,2.0,1.0,5,3.0,5,2,4,4.0,4,5.0,5,3.072,91.953,92.228,50,1,2,3,37.906,89.738,92.667,6,1,3,2,49.216,51.695,54.061,3,3,2,3,1,56.278,59.71,78.878,3,2,3,1,17.301,21.226,23.119,5,3,2,1,53.929,61.003,63.871,6,1,3,2,8.04,9.244,11.298,3,3,2,1,45.468,47.506,51.589,3,22957902,3.0,4.0,4.75,2.0,2.5,3.0,4.0,4.75,2.0,2.5
71,2019-04-08 00:43:33,2019-04-08 00:50:42,0,76.188.236.153,100,429,1,2019-04-08 00:50:43,R_1qfwMEKZgEAJ4nI,,,,,41.23260498046875,-80.4530029296875,anonymous,EN,1,2,30,4,1,5.0,5,1,4,1.0,5,5.0,1.0,4,3,5.0,5,1,4,2,5,5.0,2,4,2.0,5,5.0,1.0,4,1,5.0,5,1,4,2.0,5,4,2.0,1.0,2,5.0,5,2,4,4.0,4,4.0,2,24.229,170.936,171.63,54,3,1,2,1.273,23.101,28.473,5,1,3,2,1.404,77.843,79.449,5,3,3,2,1,1.191,33.295,34.345,7,3,2,1,1.765,17.545,19.761,7,1,3,2,1.468,19.826,21.318,5,2,1,3,1.243,15.416,16.359,5,2,1,3,0.971,16.3,16.901,5,37507728,1.6666666666666667,5.0,4.75,1.3333333333333333,2.5,1.6666666666666667,5.0,4.75,1.3333333333333333,2.5
72,2019-04-08 00:40:08,2019-04-08 00:50:56,0,50.239.137.95,100,647,1,2019-04-08 00:50:56,R_26vY0MDmr1iZGoh,,,,,37.751007080078125,-97.82199859619140625,anonymous,EN,1,2,29,5,4,3.0,3,4,4,1.0,3,4.0,2.0,5,2,3.0,2,3,4,3,3,1.0,4,2,3.0,4,3.0,2.0,3,2,4.0,4,5,4,2.0,3,2,3.0,2.0,5,1.0,3,4,4,4.0,3,2.0,4,23.433,89.273,192.932,57,3,1,2,58.436,69.092,69.356,4,1,3,2,27.848,30.825,32.168,3,3,1,2,3,25.631,48.567,49.734,3,2,1,3,26.681,35.761,48.993,5,1,3,2,20.854,21.822,23.421,3,1,3,2,20.865,22.281,23.322,3,2,1,3,12.351,13.312,14.134,3,11581830,2.0,2.75,2.5,2.3333333333333335,3.0,2.0,2.75,2.5,2.3333333333333335,3.0
74,2019-04-08 00:47:08,2019-04-08 00:51:18,0,74.91.49.10,100,249,1,2019-04-08 00:51:18,R_cIwT9NnBta69Qkx,,,,,40.7104949951171875,-74.01290130615234375,anonymous,EN,1,1,28,5,5,2.0,3,4,4,3.0,4,3.0,2.0,3,4,2.0,3,4,3,4,4,3.0,4,3,2.0,4,2.0,3.0,4,5,2.0,4,3,3,2.0,3,4,3.0,2.0,3,2.0,3,4,3,3.0,2,3.0,3,2.718,50.952,52.439,49,3,1,2,34.425,42.235,43.396,3,1,,3,17.804,29.884,30.94,4,3,,3,2,7.396,12.227,13.17,4,3,2,1,14.058,15.738,17.138,4,3,2,1,4.205,11.245,12.426,8,1,3,2,10.426,12.364,13.534,3,1,3,2,17.222,18.775,19.867,3,20307118,2.3333333333333335,2.0,2.75,2.6666666666666665,2.5,2.3333333333333335,2.0,2.75,2.6666666666666665,2.5
75,2019-04-08 00:43:32,2019-04-08 00:51:21,0,71.162.7.208,100,468,1,2019-04-08 00:51:22,R_3egjA1cJ9fB5Jv9,,,,,40.472503662109375,-79.91089630126953125,anonymous,EN,1,1,31,5,4,3.0,5,3,4,2.0,3,2.0,3.0,5,4,2.0,3,5,4,3,4,2.0,3,5,2.0,4,3.0,4.0,4,3,2.0,4,3,5,2.0,4,3,1.0,2.0,4,3.0,5,4,3,2.0,4,4.0,3,7.416,43.626,56.144,47,1,3,2,17.451,20.65,22.182,3,3,1,2,46.954,49.444,51.135,4,3,1,2,3,1.426,2.707,4.332,3,3,2,1,1.206,4.458,5.839,4,2,1,3,11.901,13.459,14.211,4,3,2,1,1.497,2.648,3.592,3,1,3,2,32.14,34.611,35.611,4,28365921,2.0,2.5,2.75,2.6666666666666665,2.0,2.0,2.5,2.75,2.6666666666666665,2.0
78,2019-04-08 00:49:51,2019-04-08 00:51:50,0,172.11.220.144,100,118,1,2019-04-08 00:51:50,R_2bPMbGFaAiyAFVu,,,,,39.606201171875,-84.16950225830078125,anonymous,EN,1,2,37,5,2,3.0,3,2,3,3.0,3,3.0,2.0,3,3,4.0,4,3,3,3,4,3.0,3,3,2.0,4,3.0,3.0,3,1,3.0,4,3,3,2.0,3,4,3.0,3.0,1,3.0,3,3,3,3.0,2,3.0,3,1.145,35.903,36.64,106,1,2,3,5.916,6.5,7.261,3,2,1,3,6.114,8.319,16.567,5,3,1,3,2,7.175,9.121,10.195,5,1,3,2,5.042,8.399,8.676,6,1,3,2,3.054,4.195,6.187,4,3,2,1,1.951,3.38,6.005,3,3,1,2,4.075,5.718,6.633,5,68581404,2.3333333333333335,3.25,3.0,2.6666666666666665,3.0,2.3333333333333335,3.25,3.0,2.6666666666666665,3.0
79,2019-04-08 00:40:06,2019-04-08 00:51:50,0,47.185.76.163,100,704,1,2019-04-08 00:51:51,R_1ezzRHmZyfrWY1h,,,,,32.932098388671875,-97.2834014892578125,anonymous,EN,1,2,76,8,4,5.0,4,1,5,3.0,5,4.0,1.0,5,3,5.0,4,2,4,3,5,3.0,2,4,4.0,4,4.0,1.0,4,2,5.0,4,2,4,4.0,5,4,2.0,3.0,4,5.0,3,2,5,4.0,4,5.0,4,6.401,246.186,247.829,53,3,2,1,73.969,80.655,82.274,3,1,2,3,36.879,50.26,52.969,5,3,2,1,3,64.945,76.993,79.085,3,1,3,2,59.867,65.558,68.87,3,2,3,1,18.559,25.531,27.946,3,2,1,3,44.524,53.257,54.731,3,2,1,3,27.061,32.574,35.385,3,18119242,3.6666666666666665,5.0,4.0,1.3333333333333333,3.5,3.6666666666666665,5.0,4.0,1.3333333333333333,3.5
80,2019-04-08 00:49:22,2019-04-08 00:51:51,0,196.17.66.230,100,148,1,2019-04-08 00:51:52,R_3nUxJLCa4Vbde20,,,,,34.0543975830078125,-118.2440032958984375,anonymous,EN,1,2,30,5,5,2.0,4,5,2,3.0,2,3.0,1.0,2,3,1.0,5,3,2,4,2,3.0,5,4,3.0,1,3.0,1.0,2,4,3.0,4,5,3,2.0,3,5,4.0,2.0,5,3.0,5,3,4,1.0,3,4.0,4,1.427,43.661,44.95,59,3,2,1,2.8,16.299,18.615,11,2,1,3,1.205,3.692,5.271,4,3,2,3,1,1.271,2.501,5.279,3,3,1,2,2.814,7.886,10.375,9,1,3,2,3.781,9.101,13.104,6,1,3,2,2.15,3.182,4.553,3,1,3,2,1.065,2.273,3.147,3,95314668,2.6666666666666665,2.25,3.25,2.0,1.5,2.6666666666666665,2.25,3.25,2.0,1.5
81,2019-04-08 00:43:33,2019-04-08 00:51:56,0,65.186.49.169,100,503,1,2019-04-08 00:51:57,R_31aUNmuhjclsSJf,,,,,39.747406005859375,-84.160003662109375,anonymous,EN,1,2,44,6,5,2.0,5,4,5,2.0,1,3.0,1.0,4,5,2.0,5,4,5,4,5,2.0,5,4,1.0,4,1.0,5.0,5,4,1.0,4,5,4,1.0,4,5,2.0,1.0,4,1.0,4,5,4,1.0,4,4.0,5,7.09,92.357,94.575,52,2,3,1,37.529,43.184,44.727,3,1,2,3,9.276,17.566,18.955,3,3,2,1,3,116.706,118.15,120.567,3,2,1,3,26.704,36.881,39.807,3,1,,2,3.052,5.798,8.003,4,2,1,3,8.173,16.122,19.016,3,1,2,3,6.967,8.43,11.44,3,87164685,1.3333333333333333,1.5,2.5,2.6666666666666665,1.0,1.3333333333333333,1.5,2.5,2.6666666666666665,1.0
82,2019-04-08 00:41:19,2019-04-08 00:52:12,0,172.101.172.66,100,652,1,2019-04-08 00:52:12,R_1ifGmEjghEOnyni,,,,,43.2346038818359375,-77.6576995849609375,anonymous,EN,1,1,36,6,4,1.0,4,5,4,1.0,4,1.0,1.0,5,4,1.0,5,5,4,5,4,1.0,4,5,1.0,4,1.0,2.0,5,4,1.0,4,5,4,1.0,5,5,2.0,1.0,5,1.0,4,5,4,1.0,4,1.0,4,13.127,249.278,254.187,55,3,2,1,2.688,45.343,46.066,13,1,2,3,2.498,4.968,12.861,4,3,3,2,1,2.766,4.637,10.591,3,2,1,3,2.204,4.045,6.31,3,1,3,2,5.249,7.063,11.915,3,2,3,1,4.69,5.939,10.978,3,2,1,3,3.498,4.664,11.248,3,84882220,1.0,1.0,1.0,1.6666666666666667,1.0,1.0,1.0,1.0,1.6666666666666667,1.0
83,2019-04-08 00:50:27,2019-04-08 00:52:37,0,107.175.31.138,100,129,1,2019-04-08 00:52:37,R_PFfyAaiN3ELGcOR,,,,,42.8863983154296875,-78.8780975341796875,anonymous,EN,1,1,39,6,4,1.0,4,4,5,2.0,4,1.0,2.0,4,5,2.0,5,5,4,4,5,1.0,4,4,2.0,5,2.0,2.0,5,5,3.0,4,3,3,2.0,5,5,1.0,2.0,4,1.0,4,4,3,2.0,5,2.0,5,2.085,36.889,37.701,45,3,1,2,7.24,9.458,11.352,4,3,2,1,4.391,8.361,9.392,5,3,3,2,1,5.745,6.876,8.714,3,2,1,3,2.826,4.166,5.951,3,2,1,3,2.108,4.717,7.959,4,2,3,1,2.802,3.783,5.385,3,1,3,2,1.441,2.706,4.496,3,68899263,2.0,1.75,1.5,1.6666666666666667,2.0,2.0,1.75,1.5,1.6666666666666667,2.0
84,2019-04-08 00:40:13,2019-04-08 00:52:48,0,209.182.217.202,100,755,1,2019-04-08 00:52:49,R_21muV99e4yYcHOd,,,,,37.751007080078125,-97.82199859619140625,anonymous,EN,1,1,23,5,4,3.0,4,3,4,2.0,4,3.0,2.0,4,5,2.0,4,3,4,4,3,3.0,4,4,2.0,5,3.0,3.0,4,4,2.0,3,4,4,2.0,4,4,3.0,3.0,4,3.0,4,4,4,2.0,4,2.0,4,4.812,177.982,180.111,49,1,3,2,34.047,124.273,140.41,11,1,2,3,16.69,105.644,107.68,15,3,1,3,2,30.921,32.949,44.187,3,1,3,2,17.416,20.658,45.214,3,2,1,3,11.323,41.88,45.179,5,3,1,2,4.317,6.399,8.236,3,1,3,2,4.495,31.064,33.023,5,78399972,2.0,2.5,2.75,2.6666666666666665,2.5,2.0,2.5,2.75,2.6666666666666665,2.5
85,2019-04-08 00:49:12,2019-04-08 00:52:57,0,196.19.157.162,100,224,1,2019-04-08 00:52:57,R_1JLOt4u8ZwfcfqW,,,,,39.099700927734375,-94.5785980224609375,anonymous,EN,1,2,28,6,4,1.0,4,4,5,2.0,5,2.0,2.0,5,4,2.0,5,4,5,5,4,1.0,4,5,2.0,5,2.0,2.0,5,4,1.0,4,5,5,2.0,5,4,2.0,1.0,4,2.0,5,4,5,2.0,5,2.0,5,4.997,34.829,61.274,47,1,3,2,1.363,18.883,20.144,5,2,1,3,4.137,10.904,11.631,7,3,3,1,2,7.267,13.55,14.412,4,1,3,2,1.364,8.293,8.934,6,3,2,1,5.762,10.602,11.216,9,2,3,1,0.548,3.71,4.398,6,2,1,3,2.305,8.994,11.499,7,32513680,2.0,1.5,1.75,2.0,1.5,2.0,1.5,1.75,2.0,1.5
86,2019-04-08 00:40:07,2019-04-08 00:52:59,0,73.50.82.9,100,772,1,2019-04-08 00:52:59,R_0DpHXscqH0iBqWR,,,,,41.5092010498046875,-87.59380340576171875,anonymous,EN,1,2,37,6,4,3.0,4,3,5,3.0,4,1.0,3.0,4,5,2.0,3,4,3,5,5,2.0,4,5,2.0,5,3.0,2.0,4,5,3.0,4,5,3,1.0,4,5,1.0,2.0,5,3.0,4,5,3,2.0,3,2.0,4,13.387,224.701,228.541,46,1,2,3,8.841,217.578,220.156,48,2,1,3,2.693,3.76,4.5,3,3,3,2,1,11.89,15.98,24.18,3,3,2,1,3.668,31.451,34.958,12,2,1,3,2.715,5.786,7.738,3,1,3,2,2.459,8.891,10.043,4,1,3,2,2.041,16.905,19.484,4,12278459,2.0,2.75,2.0,2.0,2.0,2.0,2.75,2.0,2.0,2.0
87,2019-04-08 00:44:43,2019-04-08 00:53:02,0,98.220.100.179,100,499,1,2019-04-08 00:53:02,R_31jwOjjsVM2c4gd,,,,,41.872406005859375,-88.11229705810546875,anonymous,EN,1,1,32,5,5,3.0,4,1,5,3.0,3,2.0,3.0,4,5,2.0,5,3,4,3,4,3.0,3,5,2.0,5,3.0,3.0,4,5,3.0,5,3,4,3.0,5,4,1.0,3.0,4,1.0,4,3,4,1.0,3,2.0,5,24.183,119.516,121.764,45,2,3,1,7.893,80.027,83.263,8,3,2,1,102.595,104.007,106.134,3,3,3,2,1,5.922,8.415,41.874,3,3,2,1,7.06,29.077,30.833,5,2,3,1,4.421,7.512,9.03,4,1,3,2,2.152,6.764,9.447,5,2,3,1,2.277,6.891,8.6,3,51657592,2.6666666666666665,2.25,2.5,2.3333333333333335,2.0,2.6666666666666665,2.25,2.5,2.3333333333333335,2.0
88,2019-04-08 00:41:31,2019-04-08 00:53:03,0,74.90.76.47,100,692,1,2019-04-08 00:53:04,R_29h1jLPkmf5gi1n,,,,,40.653594970703125,-73.58660125732421875,anonymous,EN,1,1,40,6,4,1.0,4,5,4,3.0,4,1.0,2.0,3,4,2.0,3,4,5,4,3,2.0,5,4,2.0,3,2.0,1.0,4,3,2.0,5,4,3,2.0,5,4,3.0,2.0,5,1.0,4,3,4,1.0,4,1.0,3,32.908,145.807,154.231,44,3,2,1,269.961,272.398,274.416,3,2,3,1,3.815,9.634,17.748,5,3,1,3,2,12.163,26.45,31.955,7,2,1,3,17.654,24.418,26.555,5,3,2,1,7.551,13.271,15.518,4,1,3,2,3.201,5.748,8.81,3,1,3,2,9.358,13.363,16.212,4,86388104,2.3333333333333335,1.5,1.5,2.0,1.5,2.3333333333333335,1.5,1.5,2.0,1.5
89,2019-04-08 00:47:56,2019-04-08 00:53:09,0,67.51.218.132,100,312,1,2019-04-08 00:53:09,R_1l0EvcPX8ZkGyNO,,,,,47.3798065185546875,-122.28929901123046875,anonymous,EN,1,2,40,4,2,4.0,5,1,4,3.0,5,5.0,1.0,4,2,5.0,5,3,4,2,3,5.0,4,4,2.0,2,5.0,1.0,4,3,4.0,5,1,4,4.0,5,5,1.0,2.0,2,4.0,5,1,4,4.0,4,5.0,3,2.378,88.45,89.498,56,3,1,2,64.387,70.379,72.101,3,1,3,2,17.04,20.136,21.602,3,3,1,3,2,15.843,25.946,27.151,3,3,2,1,14.075,25.995,27.701,9,2,3,1,12.795,15.856,16.954,3,3,2,1,5.805,13.621,14.933,5,2,1,3,7.944,9.92,10.801,3,78919983,3.0,4.25,5.0,1.0,3.0,3.0,4.25,5.0,1.0,3.0
90,2019-04-08 00:41:11,2019-04-08 00:53:12,0,75.45.61.42,100,721,1,2019-04-08 00:53:12,R_1Oj0NNFTrj2FRrN,,,,,33.6934051513671875,-84.447998046875,anonymous,EN,1,2,29,5,1,2.0,5,4,5,1.0,4,4.0,2.0,5,3,5.0,5,3,5,3,2,4.0,5,5,1.0,4,4.0,2.0,5,1,4.0,5,1,5,1.0,5,5,3.0,4.0,1,5.0,5,3,5,5.0,5,5.0,5,4.729,222.141,226.12,50,1,3,2,48.604,54.759,62.512,6,3,1,2,140.312,141.321,148.595,3,3,3,1,2,80.557,92.766,95.019,5,2,1,3,24.061,55.185,55.832,10,2,3,1,15.985,36.18,36.74,4,1,3,2,17.476,23.253,24.579,3,1,3,2,11.629,13.892,14.408,3,95931800,1.0,4.0,4.25,2.3333333333333335,4.5,1.0,4.0,4.25,2.3333333333333335,4.5
92,2019-04-08 00:49:20,2019-04-08 00:53:21,0,59.149.237.75,100,241,1,2019-04-08 00:53:21,R_1rpqQKKMo2srmf0,,,,,22.2908935546875,114.149993896484375,anonymous,EN,1,2,32,5,5,5.0,5,1,5,1.0,5,1.0,1.0,5,5,5.0,5,5,5,1,5,5.0,5,5,1.0,5,5.0,1.0,5,1,1.0,5,5,5,1.0,5,5,1.0,1.0,5,1.0,5,1,5,5.0,5,5.0,1,1.764,70.463,72.028,48,3,1,2,10.286,11.931,13.025,3,1,3,2,11.381,13.217,15.838,3,3,1,2,3,12.47,21.776,22.943,6,1,3,2,9.425,42.039,43.097,7,1,2,3,10.446,15.397,16.643,3,1,2,3,12.035,14.066,15.132,3,3,1,2,15.646,19.9,21.077,5,89217359,1.0,3.0,4.0,1.0,3.0,1.0,3.0,4.0,1.0,3.0
93,2019-04-08 00:42:58,2019-04-08 00:53:50,0,161.129.69.69,100,651,1,2019-04-08 00:53:50,R_2UcrRheRhtbn1mh,,,,,42.0048065185546875,-87.99539947509765625,anonymous,EN,1,1,35,6,5,2.0,5,4,5,2.0,3,2.0,1.0,4,3,2.0,5,5,4,3,5,2.0,4,5,2.0,3,2.0,1.0,4,3,2.0,5,4,3,2.0,5,4,1.0,2.0,3,2.0,5,4,4,1.0,5,2.0,5,1.362,35.848,40.411,47,3,2,1,2.233,3.664,4.34,3,3,2,1,1.557,2.07,2.695,3,3,1,2,3,1.167,2.318,3.274,4,2,3,1,1.13,1.7,2.687,3,2,1,3,1.444,2.147,3.093,3,2,1,3,1.445,3.732,4.666,5,1,3,2,1.199,2.895,3.33,4,76506929,2.0,2.0,2.0,1.0,1.5,2.0,2.0,2.0,1.0,1.5
94,2019-04-08 00:43:02,2019-04-08 00:53:50,0,108.196.136.202,100,647,1,2019-04-08 00:53:50,R_XNcBUFoNSieetbj,,,,,29.2765960693359375,-94.83029937744140625,anonymous,EN,1,2,31,2,2,4.0,5,2,5,2.0,5,5.0,2.0,5,5,5.0,5,2,5,5,5,5.0,4,5,2.0,5,5.0,2.0,5,2,5.0,5,2,5,2.0,5,5,4.0,1.0,2,5.0,5,4,5,1.0,5,4.0,5,5.394,207.219,208.008,50,3,2,1,26.117,87.449,90.987,5,3,1,2,24.578,26.262,27.381,3,3,3,1,2,3.632,52.619,53.533,6,3,1,2,2.454,46.728,47.683,5,2,3,1,20.981,22.369,23.469,3,3,1,2,22.963,24.975,26.512,3,3,1,2,13.965,16.529,17.32,3,94691487,2.0,4.75,4.75,2.6666666666666665,1.0,2.0,4.75,4.75,2.6666666666666665,1.0
95,2019-04-08 00:47:14,2019-04-08 00:54:35,0,74.91.48.7,100,440,1,2019-04-08 00:54:35,R_2sGB1dpb9e5bbSF,,,,,40.7104949951171875,-74.01290130615234375,anonymous,EN,1,1,28,5,5,2.0,3,4,3,2.0,3,4.0,3.0,4,3,2.0,3,4,3,4,4,4.0,3,4,2.0,3,2.0,3.0,2,3,3.0,4,3,4,3.0,4,3,4.0,3.0,4,2.0,4,4,3,2.0,4,3.0,2,1.064,43.306,47.699,46,2,1,3,7.88,8.855,11.61,3,1,3,2,5.282,8.601,9.758,4,3,2,1,3,10.315,16.954,19.906,7,1,2,3,2.972,4.267,5.949,3,1,3,2,18.097,21.153,22.451,3,1,2,3,10.916,19.147,20.128,8,3,2,1,3.074,9.394,11.203,6,42126251,2.3333333333333335,2.25,3.25,3.3333333333333335,2.5,2.3333333333333335,2.25,3.25,3.3333333333333335,2.5
98,2019-04-08 00:49:16,2019-04-08 00:55:19,0,70.171.9.199,100,363,1,2019-04-08 00:55:19,R_3MLKEXZmhb7n5Qs,,,,,29.613800048828125,-82.3860015869140625,anonymous,EN,1,2,26,5,1,3.0,5,1,5,1.0,5,5.0,1.0,5,5,5.0,5,1,5,5,5,5.0,5,5,1.0,1,5.0,1.0,5,5,1.0,5,1,5,5.0,5,5,1.0,3.0,5,5.0,5,1,5,5.0,5,5.0,5,2.733,61.566,64.359,46,3,1,2,45.831,50.535,51.782,3,1,3,2,23.622,26.261,28.701,3,3,1,3,2,16.036,18.232,19.623,3,2,1,3,22.592,25.257,26.377,3,3,2,1,55.187,65.899,66.663,5,1,3,2,17.795,22.409,26.775,3,3,2,1,16.162,20.773,21.65,3,21228675,2.3333333333333335,3.5,5.0,1.0,4.0,2.3333333333333335,3.5,5.0,1.0,4.0
99,2019-04-08 00:51:06,2019-04-08 00:55:32,0,73.73.9.218,100,265,1,2019-04-08 00:55:32,R_2xKO6bj1FLR0htw,,,,,42.3274993896484375,-88.29180145263671875,anonymous,EN,1,1,30,4,4,5.0,5,1,4,4.0,5,5.0,1.0,5,4,5.0,5,2,4,4,4,5.0,2,4,4.0,4,5.0,1.0,4,2,5.0,5,2,4,4.0,5,5,2.0,3.0,4,5.0,5,2,4,4.0,5,5.0,3,3.433,49.409,50.032,108,2,1,3,23.347,62.004,62.229,7,1,3,2,12.756,14.652,15.472,7,3,1,3,2,23.228,29.808,34.082,3,2,3,1,11.909,13.572,18.07,6,3,2,1,7.08,13.249,16.641,12,3,2,1,15.413,20.871,30.929,12,3,1,2,9.724,11.339,15.209,8,42118472,4.0,5.0,5.0,1.3333333333333333,3.5,4.0,5.0,5.0,1.3333333333333333,3.5
100,2019-04-08 00:51:06,2019-04-08 00:55:37,0,70.32.0.60,100,271,1,2019-04-08 00:55:38,R_1nT4QCl4uHfXh9O,,,,,39.048095703125,-77.47280120849609375,anonymous,EN,1,2,27,5,1,5.0,5,2,4,1.0,1,4.0,5.0,2,1,3.0,4,1,1,1,3,5.0,1,5,1.0,2,4.0,2.0,1,5,5.0,4,1,2,4.0,5,4,2.0,5.0,1,3.0,4,2,4,3.0,3,4.0,3,4.253,45.619,47.648,12,3,1,2,10.697,16.986,24.643,5,1,3,2,40.884,58.933,59.33,7,3,2,1,3,2.035,3.227,4.499,3,1,3,2,20.123,24.123,27.611,3,2,3,1,12.807,20.015,20.895,6,3,2,1,25.152,26.784,27.919,3,3,1,2,20.915,29.803,30.748,5,70997429,2.0,4.0,4.25,3.0,4.0,2.0,4.0,4.25,3.0,4.0
101,2019-04-08 00:46:58,2019-04-08 00:55:39,0,99.170.169.27,100,520,1,2019-04-08 00:55:39,R_3qrjGCggnjvNSc1,,,,,33.5637054443359375,-84.2111968994140625,anonymous,EN,1,1,25,5,4,3.0,5,4,4,3.0,5,2.0,3.0,5,4,2.0,3,5,4,3,4,3.0,4,3,1.0,4,3.0,2.0,3,4,2.0,3,5,4,3.0,5,4,2.0,3.0,5,2.0,5,4,3,1.0,4,2.0,3,1.685,30.243,32.486,45,1,3,2,5.784,7.176,9.075,3,2,3,1,33.723,36.184,309.07,4,3,1,3,2,1.133,1.966,3.308,3,2,1,3,1.484,5.208,5.917,5,3,2,1,1.894,2.967,3.645,3,3,2,1,2.189,3.799,7.358,3,1,3,2,110.836,111.9,113.308,3,90927726,2.3333333333333335,2.25,2.5,2.3333333333333335,2.0,2.3333333333333335,2.25,2.5,2.3333333333333335,2.0
102,2019-04-08 00:50:25,2019-04-08 00:55:53,0,107.172.196.129,100,327,1,2019-04-08 00:55:53,R_3p3vMdnzLWDJBfy,,,,,47.2664947509765625,-122.031402587890625,anonymous,EN,1,1,40,5,4,4.0,5,3,4,1.0,3,2.0,4.0,3,5,2.0,2,3,5,4,3,2.0,2,3,1.0,4,4.0,3.0,5,4,4.0,3,4,2,3.0,5,4,4.0,3.0,2,1.0,4,2,3,2.0,3,1.0,4,2.558,134.562,135.995,44,1,2,3,12.618,13.972,14.828,4,1,3,2,12.247,13.518,14.75,3,3,1,2,3,9.335,11.268,11.928,4,3,1,2,6.15,19.091,20.161,5,2,3,1,3.584,5.687,6.525,3,1,2,3,10.351,13.42,14.378,3,1,2,3,16.101,18.329,19.812,3,48399773,1.6666666666666667,2.75,2.25,3.6666666666666665,2.5,1.6666666666666667,2.75,2.25,3.6666666666666665,2.5
103,2019-04-08 00:53:30,2019-04-08 00:56:04,0,107.172.168.127,100,153,1,2019-04-08 00:56:04,R_1oHFUnSLl7iwVN9,,,,,42.8863983154296875,-78.8780975341796875,anonymous,EN,1,1,37,6,4,3.0,3,4,5,2.0,3,2.0,2.0,5,4,1.0,5,4,4,4,5,2.0,4,5,1.0,4,2.0,2.0,3,4,2.0,5,4,4,2.0,5,4,2.0,2.0,5,2.0,4,3,4,2.0,5,4.0,4,2.101,33.341,34.507,47,2,3,1,3.549,4.825,6.868,3,1,2,3,11.062,11.969,13.513,3,3,1,2,3,1.233,2.304,4.111,3,2,3,1,1.288,2.349,4.147,3,2,3,1,1.877,2.725,4.344,3,1,2,3,1.439,2.418,4.13,4,2,1,3,1.329,4.656,5.88,5,58176354,1.6666666666666667,2.0,2.5,2.0,2.0,1.6666666666666667,2.0,2.5,2.0,2.0
104,2019-04-08 00:46:51,2019-04-08 00:56:37,0,107.178.131.90,100,585,1,2019-04-08 00:56:37,R_yQRFpCQUH2aQe6R,,,,,37.751007080078125,-97.82199859619140625,anonymous,EN,1,1,26,6,4,2.0,5,3,3,2.0,3,3.0,2.0,4,5,2.0,5,1,4,4,5,2.0,1,4,3.0,4,2.0,3.0,3,4,2.0,5,4,4,3.0,4,4,2.0,4.0,4,1.0,5,1,1,4.0,2,4.0,2,6.707,59.916,64.58,45,3,1,2,112.314,115.204,116.807,3,1,3,2,10.607,33.744,36.014,7,3,1,3,2,35.306,37.372,37.971,3,1,3,2,40.825,44.582,45.597,3,2,3,1,8.606,9.721,12.28,3,,,,0.948,1.914,2.56,2,2,3,1,16.954,18.904,19.737,4,54018273,2.6666666666666665,1.75,2.75,2.3333333333333335,4.0,2.6666666666666665,1.75,2.75,2.3333333333333335,4.0
105,2019-04-08 00:53:26,2019-04-08 00:57:09,0,196.19.156.104,100,223,1,2019-04-08 00:57:09,R_qOajUY3yAG53JrH,,,,,39.099700927734375,-94.5785980224609375,anonymous,EN,1,2,28,6,4,1.0,4,4,3,2.0,5,1.0,2.0,3,4,3.0,4,5,4,3,4,2.0,4,3,1.0,4,2.0,3.0,4,5,2.0,3,4,4,1.0,4,3,2.0,1.0,4,3.0,4,4,5,2.0,3,3.0,4,34.612,78.413,79.2,52,3,2,1,1.42,6.532,7.871,8,2,1,3,2.117,8.357,9.384,9,3,2,1,3,1.297,3.161,24.072,6,1,3,2,1.421,2.241,2.838,3,2,1,3,3.929,7.697,8.78,8,3,1,2,2.493,3.237,3.97,3,1,3,2,1.441,2.1,3.032,3,26648599,1.3333333333333333,2.25,2.0,2.3333333333333335,1.5,1.3333333333333333,2.25,2.0,2.3333333333333335,1.5
106,2019-04-08 00:41:40,2019-04-08 00:57:19,0,107.172.196.158,100,939,1,2019-04-08 00:57:20,R_1DHIa4sN8Z73NEv,,,,,47.2664947509765625,-122.031402587890625,anonymous,EN,1,2,40,6,4,1.0,3,4,3,1.0,4,3.0,2.0,3,4,2.0,4,5,4,3,4,1.0,4,4,3.0,5,2.0,2.0,5,3,2.0,4,4,5,1.0,3,4,3.0,2.0,5,2.0,3,4,4,1.0,3,2.0,4,3.774,58.985,60.536,46,2,1,3,7.987,12.588,14.282,5,2,3,1,12.653,13.878,15.671,3,3,1,2,3,2.221,5.564,7.36,4,2,3,1,13.79,16.884,18.673,4,3,1,2,2.639,8.252,10.377,6,2,1,3,5.469,10.577,11.869,4,3,1,2,17.211,20.147,22.062,5,88032674,1.6666666666666667,1.75,2.0,2.3333333333333335,1.5,1.6666666666666667,1.75,2.0,2.3333333333333335,1.5
108,2019-04-08 00:55:01,2019-04-08 00:57:27,0,146.71.76.13,100,145,1,2019-04-08 00:57:27,R_W3bJ5yerI2GOOyd,,,,,37.751007080078125,-97.82199859619140625,anonymous,EN,1,1,24,5,4,1.0,4,5,4,1.0,4,1.0,2.0,5,4,1.0,4,5,4,5,4,1.0,4,5,2.0,5,2.0,1.0,4,4,1.0,4,4,5,2.0,5,4,2.0,1.0,4,1.0,4,5,4,1.0,4,1.0,4,3.877,55.221,56.078,44,2,1,3,4.379,21.416,23.195,9,1,2,3,2.286,3.279,4.269,3,3,1,3,2,2.63,5.675,6.812,6,1,2,3,4.505,6.303,7.463,3,1,3,2,2.41,3.408,4.288,3,2,3,1,1.418,2.433,3.552,3,2,1,3,1.574,2.659,4.558,3,82761932,1.6666666666666667,1.0,1.25,1.6666666666666667,1.0,1.6666666666666667,1.0,1.25,1.6666666666666667,1.0
109,2019-04-08 00:53:34,2019-04-08 00:57:38,0,98.220.100.179,100,244,1,2019-04-08 00:57:38,R_1CsDac3HauImP5e,,,,,41.872406005859375,-88.11229705810546875,anonymous,EN,1,1,32,5,5,2.0,4,1,3,3.0,4,2.0,3.0,3,5,2.0,5,3,4,5,4,3.0,3,4,1.0,4,2.0,3.0,4,3,2.0,4,3,4,3.0,4,5,3.0,3.0,4,3.0,4,3,4,1.0,4,3.0,4,2.2,66.898,87.344,51,3,2,1,7.993,12.049,14.484,4,3,2,1,2.003,4.898,10.622,4,3,2,1,3,1.83,3.478,5.637,3,3,1,2,2.203,6.003,7.098,4,2,1,3,2.008,3.8,5.469,3,1,3,2,1.751,3.34,5.49,3,3,2,1,3.042,5.609,8.281,3,26554477,2.3333333333333335,2.25,2.5,3.0,2.0,2.3333333333333335,2.25,2.5,3.0,2.0
110,2019-04-08 00:42:29,2019-04-08 00:57:39,0,77.111.247.185,100,910,1,2019-04-08 00:57:40,R_1OqVuERIhzI9oS8,,,,,47,8,anonymous,EN,1,2,29,6,5,4.0,4,2,5,3.0,5,4.0,2.0,4,5,4.0,5,2,4,5,4,4.0,2,4,3.0,5,4.0,2.0,4,4,4.0,4,4,4,3.0,4,4,2.0,2.0,5,4.0,4,2,3,2.0,4,4.0,4,3.894,404.552,420.522,48,1,3,2,6.372,127.31,131.086,41,3,1,2,37.206,45.007,46.337,3,3,3,1,2,23.734,40.428,104.007,6,3,2,1,6.771,33.51,35.734,10,2,3,1,6.602,30.905,37.19,8,1,3,2,12.071,19.145,20.283,3,1,3,2,23.214,33.479,34.593,4,63915282,3.0,4.0,4.0,2.0,2.0,3.0,4.0,4.0,2.0,2.0
111,2019-04-08 00:39:59,2019-04-08 00:58:01,0,73.194.199.39,100,1081,1,2019-04-08 00:58:01,R_31iNIK0qGCtjtjo,,,,,39.7552032470703125,-74.24700164794921875,anonymous,EN,1,2,45,3,2,4.0,5,1,4,2.0,4,4.0,1.0,4,3,5.0,5,2,4,2,3,5.0,2,4,2.0,3,4.0,1.0,4,4,4.0,4,2,4,2.0,3,5,1.0,2.0,2,5.0,4,2,4,4.0,4,4.0,4,4.775,107.592,110.997,46,2,1,3,13.686,41.407,44.096,6,1,2,3,15.973,30.152,33.027,5,3,3,2,1,38.155,42.036,43.793,3,1,3,2,15.187,17.305,18.705,3,2,3,1,13.208,16.524,18.013,3,3,1,2,10.29,14.391,16.074,3,1,2,3,12.556,16.206,17.791,3,64153373,2.0,4.5,4.25,1.0,3.0,2.0,4.5,4.25,1.0,3.0
112,2019-04-08 00:40:10,2019-04-08 00:59:14,0,24.1.169.71,100,1144,1,2019-04-08 00:59:15,R_2AMgacBmGXyEulB,,,,,41.6837005615234375,-88.3498992919921875,anonymous,EN,1,1,51,5,2,2.0,4,3,4,2.0,3,4.0,4.0,3,3,3.0,4,4,4,3,3,4.0,4,3,2.0,4,3.0,4.0,3,2,2.0,4,4,4,2.0,3,4,3.0,2.0,2,4.0,3,4,3,3.0,4,2.0,3,8.433,324.01,326.023,116,3,1,2,44.76,94.085,95.195,18,1,3,2,1.301,103.781,111.453,29,3,1,3,2,11.327,129.731,130.315,24,1,2,3,13.439,114.115,114.924,27,2,3,1,1.962,96.266,96.865,18,3,2,1,1.501,64.32,65.115,26,3,2,1,2.397,104.591,105.294,19,45349326,2.0,2.75,3.25,3.6666666666666665,2.5,2.0,2.75,3.25,3.6666666666666665,2.5
114,2019-04-08 00:39:57,2019-04-08 01:01:22,0,162.248.134.218,100,1285,1,2019-04-08 01:01:24,R_2aRiD7qkwlGwfeQ,,,,,37.751007080078125,-97.82199859619140625,anonymous,EN,1,2,25,5,4,1.0,4,5,4,1.0,4,1.0,2.0,2,1,4.0,4,5,4,5,4,1.0,3,2,5.0,2,5.0,4.0,4,5,2.0,5,4,5,4.0,1,2,2.0,1.0,4,1.0,2,1,2,2.0,5,2.0,5,1.941,32.539,33.366,46,2,1,3,21.532,60.925,62.359,14,2,3,1,3.465,5.721,6.474,5,3,1,2,3,3.717,25.729,26.389,7,1,2,3,1.224,14.064,17.573,4,2,1,3,47.664,82.153,82.903,5,2,3,1,6.086,7.295,8.072,3,3,1,2,2.41,4.402,5.152,4,26889682,3.3333333333333335,2.0,2.25,2.6666666666666665,1.5,3.3333333333333335,2.0,2.25,2.6666666666666665,1.5
115,2019-04-08 00:53:12,2019-04-08 01:01:34,0,49.206.112.211,100,502,1,2019-04-08 01:01:35,R_2VeYLNTVM9dSTmj,,,,,13.0843048095703125,80.280487060546875,anonymous,EN,1,2,27,6,4,1.0,4,3,5,2.0,5,3.0,2.0,3,5,1.0,4,5,5,4,5,3.0,4,4,1.0,4,3.0,3.0,4,3,2.0,5,4,3,2.0,5,4,3.0,2.0,5,2.0,4,5,3,2.0,5,2.0,3,1.628,77.976,80.213,59,2,1,3,8.546,42.372,61.847,8,3,2,1,106.51,112.125,113.756,7,3,1,2,3,20.161,64.169,76.862,5,3,1,2,2.526,4.838,11.468,4,2,1,3,1.821,4.796,26.247,4,1,3,2,6.288,8.496,9.496,5,1,2,3,5.976,10.568,13.278,7,56149570,1.6666666666666667,1.5,2.75,2.6666666666666665,2.0,1.6666666666666667,1.5,2.75,2.6666666666666665,2.0
116,2019-04-08 00:58:10,2019-04-08 01:02:11,0,23.94.83.120,100,240,1,2019-04-08 01:02:13,R_3qTI3lDAgv7SAmg,,,,,42.8863983154296875,-78.8780975341796875,anonymous,EN,1,1,22,5,4,3.0,3,4,3,2.0,4,2.0,3.0,3,2,3.0,4,4,3,3,4,4.0,3,4,3.0,3,2.0,2.0,3,2,3.0,4,3,3,4.0,3,4,3.0,3.0,3,4.0,3,4,4,3.0,2,3.0,3,3.386,42.767,43.718,47,1,2,3,22.506,23.175,24.577,3,1,2,3,38.721,39.754,41.279,3,3,3,1,2,6.744,9.489,13.911,4,2,3,1,2.729,3.458,4.73,3,3,2,1,2.488,3.288,6.74,3,2,3,1,27.585,28.442,29.793,3,3,1,2,7.091,11.379,12.776,5,98914835,3.0,3.25,2.75,2.6666666666666665,3.0,3.0,3.25,2.75,2.6666666666666665,3.0
117,2019-04-08 00:56:35,2019-04-08 01:02:27,0,174.58.25.22,100,351,1,2019-04-08 01:02:27,R_e56dDAiyLr07Arv,,,,,27.3253936767578125,-82.473297119140625,anonymous,EN,1,1,64,3,2,2.0,5,1,4,2.0,4,3.0,2.0,5,3,5.0,5,3,3,2,4,4.0,4,4,2.0,4,4.0,2.0,4,3,2.0,4,2,4,4.0,4,3,2.0,3.0,2,4.0,4,2,4,3.0,4,4.0,2,4.012,75.732,77.324,46,3,1,2,15.616,61.005,63.182,6,1,3,2,27.184,38.635,39.75,5,3,2,3,1,32.267,36.664,39.215,3,1,2,3,23.423,26.083,29.462,3,1,3,2,13.843,15.851,17.421,3,1,3,2,12.468,14.886,15.773,4,3,1,2,20.95,24.75,26.106,3,67818866,2.6666666666666665,3.25,3.75,2.0,3.0,2.6666666666666665,3.25,3.75,2.0,3.0
118,2019-04-08 00:50:20,2019-04-08 01:02:43,0,209.182.216.239,100,743,1,2019-04-08 01:02:44,R_vYA55Y8zUdHHJ1T,,,,,37.751007080078125,-97.82199859619140625,anonymous,EN,1,1,23,5,3,3.0,3,3,3,3.0,3,3.0,3.0,3,3,3.0,3,3,3,3,3,3.0,3,3,3.0,3,3.0,3.0,3,3,3.0,3,3,3,3.0,3,3,3.0,3.0,3,3.0,3,3,3,3.0,3,3.0,3,1.503,36.533,37.911,63,2,1,3,180.226,264.046,265.979,10,1,2,3,309.954,311.067,313.136,3,3,3,1,2,0.145,10.977,12.966,5,1,2,3,2.79,4.143,5.687,3,2,3,1,3.93,5.689,35.716,3,1,2,3,1.799,6.301,10.567,3,1,2,3,3.646,5.463,7.224,4,36701487,3.0,3.0,3.0,3.0,3.0,3.0,3.0,3.0,3.0,3.0
120,2019-04-08 01:00:06,2019-04-08 01:03:25,0,209.182.218.71,100,199,1,2019-04-08 01:03:26,R_2yabD8NzobWm61r,,,,,37.751007080078125,-97.82199859619140625,anonymous,EN,1,1,24,5,4,1.0,4,5,4,1.0,4,1.0,2.0,5,4,1.0,4,5,4,5,4,1.0,4,5,2.0,5,2.0,1.0,4,5,2.0,5,4,5,2.0,5,4,1.0,2.0,5,2.0,5,4,5,2.0,5,2.0,5,1.71,39.77,41.595,44,1,2,3,17.036,18.053,19.022,3,2,3,1,6.996,9.124,10.679,3,3,3,1,2,8.919,10.584,12.856,3,2,1,3,1.586,2.538,3.209,3,2,1,3,5.367,6.895,8.415,3,1,3,2,1.744,2.752,3.617,3,3,1,2,1.849,3.978,5.409,4,58116340,1.6666666666666667,1.5,1.5,1.3333333333333333,2.0,1.6666666666666667,1.5,1.5,1.3333333333333333,2.0
121,2019-04-08 01:01:34,2019-04-08 01:03:45,0,23.94.138.112,100,130,1,2019-04-08 01:03:45,R_Wp3cEA3pQxrzKE1,,,,,42.0048065185546875,-87.99539947509765625,anonymous,EN,1,2,28,5,4,1.0,3,4,5,2.0,4,1.0,3.0,4,3,1.0,4,5,4,3,4,1.0,3,4,1.0,3,2.0,3.0,5,4,1.0,3,4,3,1.0,4,5,2.0,2.0,5,3.0,4,3,5,2.0,5,3.0,4,2.195,38.864,40.845,46,3,2,1,1.633,2.476,4.088,3,3,1,2,1.519,2.349,3.761,3,3,2,1,3,2.092,2.822,4.361,3,1,3,2,1.57,3,4.491,4,2,1,3,1.453,3.346,4.93,4,2,1,3,1.692,4.172,5.024,4,3,2,1,1.968,3.415,4.904,3,65795254,1.3333333333333333,1.5,1.75,2.6666666666666665,2.0,1.3333333333333333,1.5,1.75,2.6666666666666665,2.0
122,2019-04-08 00:41:30,2019-04-08 01:03:50,0,107.175.196.149,100,1340,1,2019-04-08 01:03:51,R_3k0toWbubc4OuDr,,,,,42.8863983154296875,-78.8780975341796875,anonymous,EN,1,1,29,6,5,1.0,3,4,4,1.0,3,2.0,3.0,5,4,1.0,4,5,4,5,3,2.0,4,5,2.0,5,3.0,2.0,5,4,2.0,5,4,4,2.0,5,4,2.0,1.0,3,2.0,4,5,3,2.0,4,2.0,5,61.963,102.755,103.704,46,3,2,1,11.688,13.597,15.209,3,2,3,1,13.947,22.058,24.421,9,3,2,1,3,2.991,5.898,7.374,4,2,3,1,101.288,104.986,106.084,4,3,2,1,55.121,63.901,65.491,5,1,2,3,45.403,47.241,49.138,3,1,2,3,6.945,9.726,11.589,4,84914506,1.6666666666666667,1.5,2.25,2.3333333333333335,1.5,1.6666666666666667,1.5,2.25,2.3333333333333335,1.5
123,2019-04-08 00:51:24,2019-04-08 01:04:11,0,192.154.226.29,100,767,1,2019-04-08 01:04:12,R_3k24LcBqzBivWGt,,,,,32.842498779296875,-117.2483978271484375,anonymous,EN,1,1,23,5,5,2.0,5,2,4,3.0,4,2.0,2.0,4,5,4.0,4,2,4,4,4,2.0,2,4,2.0,4,4.0,3.0,4,3,2.0,4,3,4,4.0,3,4,2.0,2.0,4,3.0,4,2,3,2.0,3,2.0,4,3.025,80.72,82.186,45,3,1,2,22.521,38.399,41.45,7,1,2,3,35.784,37.758,39.574,3,3,1,3,2,23.778,32.918,34.582,3,2,3,1,28.549,29.427,30.869,3,3,1,2,9.993,14.018,15.501,3,2,1,3,12.878,13.985,15.35,3,1,2,3,11.166,12.289,13.253,3,68066549,3.0,2.75,2.5,2.3333333333333335,2.0,3.0,2.75,2.5,2.3333333333333335,2.0
124,2019-04-08 01:00:13,2019-04-08 01:04:17,0,192.154.213.103,100,244,1,2019-04-08 01:04:18,R_3qaNSh3ZzLmNtgT,,,,,32.8137054443359375,-96.87039947509765625,anonymous,EN,1,1,23,5,4,1.0,4,5,5,2.0,4,1.0,1.0,4,4,1.0,4,5,5,4,5,1.0,4,4,1.0,4,4.0,3.0,5,4,3.0,4,5,4,3.0,4,5,2.0,1.0,5,2.0,4,5,4,1.0,4,1.0,5,2.104,53.797,54.939,50,1,3,2,43.468,45.375,47.344,3,1,2,3,10.347,12.268,13.991,3,3,1,3,2,4.17,5.841,37.648,3,1,3,2,2.661,4.723,18.104,3,3,1,2,2.73,4.543,7.164,3,1,2,3,6.227,10.243,12.259,3,3,2,1,2.009,3.64,5.823,3,30694006,2.0,1.75,1.75,2.0,1.0,2.0,1.75,1.75,2.0,1.0
125,2019-04-08 01:02:10,2019-04-08 01:04:58,0,146.71.77.186,100,168,1,2019-04-08 01:04:59,R_11ilRZkQr8zkxoD,,,,,34.197906494140625,-118.53710174560546875,anonymous,EN,1,1,23,6,3,3.0,4,5,4,2.0,4,2.0,1.0,4,3,2.0,5,4,5,4,5,2.0,5,4,2.0,5,1.0,2.0,3,4,1.0,4,4,3,2.0,4,4,3.0,2.0,5,2.0,5,4,5,2.0,4,1.0,4,1.435,41.767,43.206,49,3,2,1,1.673,5.535,11.305,4,1,2,3,3.058,7.848,8.761,4,3,1,2,3,1.745,4.898,6.746,5,3,1,2,1.593,3.601,5.462,5,2,1,3,1.604,2.404,4.287,3,3,1,2,1.607,4.031,5.307,5,3,2,1,1.682,3.841,29.274,4,18501201,2.0,2.0,1.5,2.0,2.0,2.0,2.0,1.5,2.0,2.0
126,2019-04-08 00:59:30,2019-04-08 01:05:15,0,98.11.19.154,100,344,1,2019-04-08 01:05:15,R_2WujJWnzkOD5JWo,,,,,43.3881072998046875,-70.54779815673828125,anonymous,EN,1,2,23,3,4,5.0,4,3,5,3.0,5,4.0,2.0,5,4,3.0,4,2,5,3,2,3.0,4,5,3.0,4,4.0,2.0,5,2,4.0,4,2,5,2.0,4,5,2.0,2.0,4,1.0,4,3,4,5.0,3,1.0,5,2.855,118.598,121.955,83,2,1,3,13.225,31.148,31.995,14,2,1,3,18.708,30.189,30.581,5,3,2,3,1,20.309,22.476,23.146,3,1,2,3,10.98,17.377,17.967,6,3,1,2,6.663,14.332,15.731,8,1,2,3,11.236,14.447,15.258,4,1,2,3,7.63,9.148,9.685,5,42512632,2.6666666666666665,3.25,3.0,2.0,3.5,2.6666666666666665,3.25,3.0,2.0,3.5
127,2019-04-08 00:58:17,2019-04-08 01:06:48,0,107.152.231.185,100,511,1,2019-04-08 01:06:49,R_1EduiH7Hk8vqF5E,,,,,33.9720001220703125,-118.24200439453125,anonymous,EN,1,2,28,5,4,1.0,4,2,4,2.0,2,2.0,2.0,2,2,2.0,4,2,2,4,4,4.0,4,4,3.0,4,3.0,2.0,4,3,3.0,2,2,3,3.0,4,2,3.0,3.0,4,2.0,3,4,4,1.0,4,2.0,3,1.764,202.292,204.398,52,1,3,2,2.524,25.604,28.094,14,1,2,3,1.476,3.052,5.568,3,3,1,2,3,2.137,5.568,7.538,4,1,3,2,2.51,4.446,5.762,4,1,2,3,1.755,3.251,4.444,3,2,3,1,1.254,6.078,7.142,5,3,2,1,1.503,2.695,3.829,3,31497551,2.6666666666666665,2.0,2.75,2.3333333333333335,2.0,2.6666666666666665,2.0,2.75,2.3333333333333335,2.0
128,2019-04-08 00:39:49,2019-04-08 01:08:00,0,196.18.226.86,100,1690,1,2019-04-08 01:08:00,R_3lDonIUMbxWSQDq,,,,,39.099700927734375,-94.5785980224609375,anonymous,EN,1,2,25,7,5,2.0,3,3,2,4.0,3,2.0,1.0,4,3,4.0,2,3,4,5,5,2.0,3,2,5.0,2,3.0,2.0,5,4,3.0,2,2,3,2.0,5,4,3.0,4.0,3,2.0,3,4,5,2.0,3,3.0,4,24.361,131.519,140.129,47,1,2,3,0.679,33.942,34.536,12,1,2,3,1.732,2.94,3.863,3,3,3,2,1,2.835,7.211,11.082,5,3,2,1,6.173,8.462,12.739,5,3,2,1,1.537,2.705,7.621,3,2,3,1,178.574,179.853,180.709,4,2,1,3,1.828,3.093,6.736,3,73939800,3.6666666666666665,2.75,2.5,2.0,3.0,3.6666666666666665,2.75,2.5,2.0,3.0
131,2019-04-08 00:54:46,2019-04-08 01:09:50,0,69.201.81.194,100,903,1,2019-04-08 01:09:50,R_1nZsdF33D4gUk2w,,,,,43.1060943603515625,-75.2335968017578125,anonymous,EN,1,2,34,5,4,3.0,4,5,4,2.0,4,1.0,2.0,5,5,5.0,4,2,4,1,1,1.0,5,4,1.0,4,3.0,4.0,4,4,2.0,2,4,5,1.0,4,5,4.0,2.0,1,2.0,4,5,3,4.0,2,2.0,1,9.084,296.68,297.535,45,1,3,2,18.761,66.548,68.227,14,1,2,3,25.138,97.8,98.818,4,3,1,2,3,155.201,157.262,158.153,3,1,3,2,9.956,17.381,18.336,5,3,2,1,100.829,113.516,116.292,5,2,1,3,60.198,64.393,71.457,5,3,1,2,31.15,31.906,35.734,3,46043757,1.3333333333333333,3.0,1.75,3.3333333333333335,3.0,1.3333333333333333,3.0,1.75,3.3333333333333335,3.0
132,2019-04-08 01:07:23,2019-04-08 01:10:23,0,209.182.219.127,100,180,1,2019-04-08 01:10:23,R_32LwLpyl1EL1eIq,,,,,37.751007080078125,-97.82199859619140625,anonymous,EN,1,1,23,5,4,1.0,4,5,5,1.0,4,2.0,1.0,5,5,3.0,4,4,5,5,4,2.0,3,3,2.0,4,2.0,1.0,4,4,2.0,5,5,5,1.0,4,4,2.0,2.0,5,2.0,4,3,5,2.0,5,1.0,4,1.807,50.517,52.84,52,2,3,1,2.761,6.89,9.848,4,1,2,3,2.201,4.515,6.176,3,3,2,3,1,2.213,3.675,5.22,3,1,3,2,2.017,3.898,5.283,3,3,1,2,2.321,4.081,6.517,3,1,3,2,2.718,4.726,6.323,3,2,1,3,1.848,4.638,6.245,4,93341679,1.3333333333333333,2.0,1.75,1.3333333333333333,2.0,1.3333333333333333,2.0,1.75,1.3333333333333333,2.0
133,2019-04-08 00:55:47,2019-04-08 01:10:46,0,104.200.38.137,100,898,1,2019-04-08 01:10:46,R_1M6WgpQKspdlSAY,,,,,35.6699066162109375,-97.46469879150390625,anonymous,EN,1,2,28,5,4,3.0,5,2,4,3.0,5,3.0,2.0,4,5,3.0,5,3,4,5,4,4.0,2,4,3.0,5,4.0,4.0,4,5,2.0,4,3,5,2.0,5,3,2.0,2.0,5,4.0,4,2,4,1.0,4,2.0,5,7.787,164.763,165.402,51,3,1,2,30.262,104.711,114.247,13,1,3,2,64.272,70.922,72.858,3,3,1,3,2,19.626,56.706,59.686,8,1,3,2,51.689,54.425,55.593,3,2,3,1,129.061,145.431,221.414,5,3,1,2,12.03,13.255,14.312,3,3,1,2,21.415,50.624,51.513,6,92950944,2.6666666666666665,3.0,3.25,2.6666666666666665,1.5,2.6666666666666665,3.0,3.25,2.6666666666666665,1.5
134,2019-04-08 01:08:47,2019-04-08 01:11:00,0,209.182.217.65,100,133,1,2019-04-08 01:11:01,R_2w76AdckSnkdjFy,,,,,37.751007080078125,-97.82199859619140625,anonymous,EN,1,1,23,5,3,3.0,3,3,3,3.0,3,3.0,3.0,3,3,3.0,3,3,3,3,3,3.0,3,3,3.0,3,3.0,3.0,3,3,3.0,3,3,3,3.0,3,3,3.0,3.0,3,3.0,3,3,3,3.0,3,3.0,3,29.767,56.642,58.294,60,1,3,2,3.926,5.611,7.214,4,1,2,3,2.017,2.937,4.7,3,3,1,2,3,1.591,2.755,4.359,3,1,3,2,10.538,11.56,12.99,3,2,1,3,1.559,2.778,11.159,3,2,3,1,2.668,3.764,4.867,3,2,3,1,1.514,2.531,3.785,3,24482930,3.0,3.0,3.0,3.0,3.0,3.0,3.0,3.0,3.0,3.0
135,2019-04-08 00:47:18,2019-04-08 01:11:31,0,75.82.231.57,100,1453,1,2019-04-08 01:11:32,R_1rpEnCJs35Q1tAe,,,,,34.2772979736328125,-118.50009918212890625,anonymous,EN,1,2,36,5,4,5.0,4,1,4,5.0,4,5.0,2.0,3,4,5.0,4,2,3,4,3,5.0,3,4,5.0,3,4.0,2.0,4,4,5.0,4,1,3,4.0,3,4,2.0,3.0,4,5.0,4,2,3,4.0,3,4.0,2,9.401,226.399,227.175,51,1,3,2,40.401,74.116,75.469,3,2,3,1,46.16,47.853,50.308,3,3,3,2,1,119.489,120.439,121.504,3,2,3,1,104.651,108.737,109.629,3,1,2,3,9.861,11.071,11.938,3,2,1,3,118.499,121.218,122.046,3,1,2,3,10.194,11.288,12.039,3,70354422,4.666666666666667,5.0,4.5,2.0,3.5,4.666666666666667,5.0,4.5,2.0,3.5
136,2019-04-08 01:04:06,2019-04-08 01:11:55,0,107.5.199.80,100,468,1,2019-04-08 01:11:55,R_2VyzDFdgWokIYOS,,,,,42.910400390625,-85.82759857177734375,anonymous,EN,1,1,36,5,4,4.0,4,2,3,2.0,4,3.0,4.0,4,4,4.0,4,3,3,3,4,4.0,4,4,3.0,4,4.0,4.0,3,2,4.0,4,2,4,2.0,4,4,4.0,4.0,3,4.0,4,4,4,4.0,4,4.0,4,16.999,214.803,218.429,45,1,3,2,26.517,46.599,48.256,6,2,3,1,36.595,39.348,41.054,3,3,1,2,3,23.836,28.8,29.924,4,1,2,3,21.059,22.584,25.664,3,2,1,3,18.012,19.952,21.503,3,1,3,2,12.409,17.353,18.643,3,2,1,3,21.084,23.294,25.432,3,68365382,2.3333333333333335,4.0,3.75,4.0,4.0,2.3333333333333335,4.0,3.75,4.0,4.0
137,2019-04-08 01:07:32,2019-04-08 01:12:13,0,196.19.157.123,100,280,1,2019-04-08 01:12:13,R_1GIdIyTOkx0dQC5,,,,,39.099700927734375,-94.5785980224609375,anonymous,EN,1,2,28,5,4,1.0,4,5,4,1.0,4,2.0,1.0,4,5,2.0,5,4,4,5,4,2.0,5,4,2.0,5,2.0,2.0,5,4,2.0,4,5,4,1.0,4,4,2.0,1.0,4,2.0,5,4,4,1.0,4,1.0,5,1.92,52.633,53.408,44,3,2,1,7.639,11.295,13.785,4,1,3,2,4.491,6.803,8.456,3,3,2,3,1,16.894,22.798,34.235,5,2,1,3,12.545,14.834,16.255,3,3,1,2,11.108,21.052,25.162,5,1,3,2,2.843,16.314,18.663,9,1,2,3,4.452,6.677,8.289,4,83683753,1.3333333333333333,1.75,1.75,1.6666666666666667,1.0,1.3333333333333333,1.75,1.75,1.6666666666666667,1.0
139,2019-04-08 01:07:23,2019-04-08 01:13:35,0,209.182.218.7,100,371,1,2019-04-08 01:13:35,R_DoUobxgleZ0gLAd,,,,,37.751007080078125,-97.82199859619140625,anonymous,EN,1,1,23,5,3,2.0,5,2,3,2.0,5,2.0,3.0,4,5,2.0,3,4,3,4,5,3.0,4,5,2.0,3,4.0,3.0,4,5,2.0,3,3,3,2.0,5,4,3.0,4.0,3,2.0,5,4,3,2.0,5,2.0,3,201.525,271.421,273.035,47,3,2,1,29.671,30.357,32.27,3,1,2,3,4.332,9.612,16.832,7,3,1,2,3,2.226,4.253,5.419,4,1,3,2,1.636,2.205,3.485,3,1,3,2,1.719,3.622,4.719,4,1,2,3,1.7,5.292,6.487,4,2,3,1,1.788,3.629,5.404,5,63033637,2.0,2.0,2.75,3.0,3.0,2.0,2.0,2.75,3.0,3.0
140,2019-04-08 01:04:46,2019-04-08 01:14:56,0,75.138.15.239,100,609,1,2019-04-08 01:14:58,R_9FDJuvTkCwhKTCN,,,,,34.1920928955078125,-86.19409942626953125,anonymous,EN,1,1,36,3,2,2.0,3,4,5,2.0,2,2.0,5.0,5,1,2.0,2,5,5,2,1,2.0,5,5,2.0,1,1.0,5.0,5,4,2.0,2,5,5,2.0,2,2,5.0,2.0,2,2.0,2,5,5,5.0,2,1.0,5,9.066,141.256,141.939,45,2,1,3,18.149,22.351,29.703,3,1,2,3,20.61,22.778,28.742,3,3,2,3,1,23.264,30.954,37.1,5,3,1,2,12.914,16.196,16.91,3,3,1,2,9.899,15.349,16.217,4,3,1,2,9.843,24.731,26.015,9,3,2,1,15.898,17.016,17.528,3,34077127,2.0,2.0,1.5,5.0,3.5,2.0,2.0,1.5,5.0,3.5
141,2019-04-08 01:05:00,2019-04-08 01:16:50,0,192.227.152.83,100,710,1,2019-04-08 01:16:50,R_1etRhGhce2hL935,,,,,42.8863983154296875,-78.8780975341796875,anonymous,EN,1,1,23,5,4,3.0,4,2,4,2.0,4,4.0,2.0,4,4,4.0,4,2,4,4,4,4.0,2,4,4.0,4,4.0,2.0,4,4,2.0,4,4,4,2.0,3,5,2.0,2.0,3,3.0,3,2,4,2.0,3,2.0,3,2.078,58.814,60.478,51,3,2,1,10.733,11.445,12.938,3,3,1,2,18.247,19.478,21.38,3,3,1,3,2,1.638,5.711,8.197,3,1,3,2,3.973,11.364,12.621,10,1,2,3,4.788,7.402,8.965,5,1,3,2,3.238,7.001,8.983,5,1,3,2,2.794,3.749,5.251,3,89319084,2.6666666666666665,3.0,3.5,2.0,2.0,2.6666666666666665,3.0,3.5,2.0,2.0
142,2019-04-08 01:14:01,2019-04-08 01:18:01,0,196.19.157.123,100,239,1,2019-04-08 01:18:01,R_7QUa4QR9K0ShSjn,,,,,39.099700927734375,-94.5785980224609375,anonymous,EN,1,2,28,5,4,3.0,4,4,3,2.0,3,2.0,3.0,4,3,2.0,4,3,4,3,4,3.0,4,4,3.0,2,3.0,4.0,4,2,2.0,3,2,3,2.0,3,2,2.0,3.0,3,2.0,3,3,4,3.0,3,2.0,3,1.269,48.036,48.899,47,2,1,3,11.782,19.75,20.933,6,3,2,1,8.178,12.395,14.041,4,3,3,2,1,7.192,13.08,14.357,6,3,1,2,6.071,9.759,11.209,3,3,1,2,13.307,16.027,18.382,3,1,3,2,10.589,14.108,15.463,3,2,1,3,8.885,15.948,25.48,4,77677746,2.3333333333333335,2.25,2.5,3.0,3.0,2.3333333333333335,2.25,2.5,3.0,3.0
143,2019-04-08 01:05:38,2019-04-08 01:18:06,0,192.249.3.175,100,747,1,2019-04-08 01:18:06,R_1gSzE3EvSzb3fZT,,,,,35.955596923828125,-83.93360137939453125,anonymous,EN,1,1,20,5,1,2.0,5,5,4,1.0,3,1.0,5.0,5,1,5.0,5,4,4,1,1,2.0,5,5,1.0,1,1.0,5.0,4,2,4.0,4,5,5,1.0,4,4,4.0,1.0,2,4.0,2,5,5,5.0,1,1.0,5,2.815,484.246,485.98,49,3,1,2,15.743,23.902,24.952,4,1,3,2,42.343,43.712,49.136,3,3,1,2,3,47.436,49.893,52.078,3,2,1,3,17.654,24.082,25.101,4,1,2,3,8.036,16.128,17.214,4,1,3,2,51.559,54.771,56.434,4,2,1,3,6.863,9.739,10.994,4,60384747,1.0,3.75,1.25,4.666666666666667,3.0,1.0,3.75,1.25,4.666666666666667,3.0
144,2019-04-08 01:15:41,2019-04-08 01:19:11,0,68.100.174.128,100,209,1,2019-04-08 01:19:13,R_1gphbkCXZ6FjgnX,,,,,38.7769927978515625,-77.1894989013671875,anonymous,EN,1,2,24,5,5,5.0,5,1,5,5.0,5,5.0,1.0,5,5,5.0,5,1,5,5,5,5.0,1,5,5.0,5,5.0,1.0,5,5,5.0,5,1,5,5.0,5,5,1.0,5.0,5,5.0,5,1,5,5.0,5,5.0,5,6.717,6.937,43.97,2,2,1,3,0.723,21.16,23.599,7,2,1,3,1.85,15.11,15.951,6,3,2,3,1,3.255,31.321,33.28,6,2,3,1,2.297,12.925,14.17,9,2,3,1,1.235,15.09,19.657,5,3,2,1,1.554,13.313,15.119,7,2,1,3,0.852,14.613,18.777,10,24048179,5.0,5.0,5.0,1.0,5.0,5.0,5.0,5.0,1.0,5.0
145,2019-04-08 01:15:10,2019-04-08 01:19:23,0,76.103.100.18,100,252,1,2019-04-08 01:19:23,R_3I6siSPGswxAwZX,,,,,37.437103271484375,-121.8954010009765625,anonymous,EN,1,1,35,6,4,1.0,4,5,4,1.0,4,1.0,2.0,4,5,1.0,4,5,4,5,4,1.0,4,5,2.0,4,1.0,1.0,4,5,2.0,4,5,4,1.0,4,5,2.0,1.0,4,1.0,4,5,4,1.0,4,1.0,4,2.484,69.131,70.409,46,1,3,2,1.76,14.461,15.826,7,1,2,3,11.745,12.82,15.914,3,3,3,2,1,1.55,2.442,3.765,3,3,1,2,1.244,8.032,8.97,7,3,2,1,3.016,4.344,5.699,3,2,3,1,1.52,2.5,3.711,3,1,2,3,1.317,2.004,3.632,3,76363308,1.3333333333333333,1.25,1.0,1.6666666666666667,1.0,1.3333333333333333,1.25,1.0,1.6666666666666667,1.0
146,2019-04-08 00:56:48,2019-04-08 01:19:44,0,45.36.91.39,100,1375,1,2019-04-08 01:19:44,R_3JI4ZZUtICZ7cyo,,,,,36.032196044921875,-79.85880279541015625,anonymous,EN,1,2,39,2,2,4.0,4,2,4,2.0,4,4.0,2.0,5,3,5.0,4,4,4,3,5,4.0,4,5,2.0,4,4.0,2.0,4,2,3.0,4,4,4,2.0,5,4,2.0,2.0,2,4.0,4,4,4,4.0,4,4.0,2,0,0,1062.811,0,2,1,3,17.989,19.653,23.659,3,1,2,3,11.332,12.716,13.658,3,3,2,3,1,16.317,23.541,24.57,3,2,3,1,9.225,10.498,11.543,3,1,2,3,8.362,11.21,12.543,3,2,1,3,10.096,14.023,15.9,4,2,1,3,177.49,180.114,181.247,3,43549727,2.0,4.0,4.0,2.0,3.0,2.0,4.0,4.0,2.0,3.0
147,2019-04-08 01:16:24,2019-04-08 01:19:45,0,192.227.215.148,100,200,1,2019-04-08 01:19:46,R_6KjWG1T3ReA5AQx,,,,,42.8863983154296875,-78.8780975341796875,anonymous,EN,1,1,23,5,3,1.0,4,3,2,1.0,4,2.0,3.0,4,5,2.0,4,3,4,5,4,3.0,4,5,2.0,5,2.0,3.0,4,5,2.0,3,4,5,2.0,3,4,1.0,2.0,3,2.0,5,4,2,3.0,4,2.0,5,2.065,33.105,34.556,46,1,3,2,2.163,5.489,7.03,6,1,2,3,1.3,4.096,5.441,4,3,1,3,2,1.458,1.977,103.666,3,2,1,3,1.826,2.528,3.7,3,2,3,1,1.723,2.48,7.381,3,3,1,2,1.649,2.366,3.448,3,2,3,1,1.537,2.227,6.553,3,58532962,1.6666666666666667,1.75,2.25,2.3333333333333335,2.5,1.6666666666666667,1.75,2.25,2.3333333333333335,2.5
148,2019-04-08 01:19:31,2019-04-08 01:23:25,0,192.154.226.22,100,234,1,2019-04-08 01:23:25,R_vvPZyVhnbKz6aYN,,,,,32.842498779296875,-117.2483978271484375,anonymous,EN,1,1,23,5,3,3.0,4,4,4,3.0,3,2.0,2.0,4,3,3.0,4,4,3,3,4,2.0,3,3,2.0,4,3.0,3.0,4,4,2.0,3,3,4,2.0,3,3,2.0,2.0,3,3.0,3,4,4,2.0,3,3.0,4,1.706,41.589,43.236,48,3,1,2,1.927,36.74,38.709,7,1,3,2,19.825,38.073,39.163,6,3,1,3,2,12.655,21.109,28.941,4,1,2,3,2.792,12.634,13.744,5,3,2,1,3.559,24.772,26.089,10,2,1,3,4.747,8.516,10.337,3,2,1,3,1.583,2.73,6,3,54145076,2.3333333333333335,2.75,2.5,2.3333333333333335,2.0,2.3333333333333335,2.75,2.5,2.3333333333333335,2.0
149,2019-04-08 01:22:58,2019-04-08 01:28:38,0,213.127.50.79,100,340,1,2019-04-08 01:28:39,R_3KYYU8cRcjfed9k,,,,,52.3533935546875,4.9087066650390625,anonymous,EN,1,1,30,5,4,4.0,3,1,5,3.0,4,2.0,2.0,5,3,5.0,3,1,3,4,5,2.0,2,4,3.0,4,2.0,1.0,3,4,2.0,4,3,5,4.0,4,5,1.0,4.0,5,4.0,4,1,4,4.0,3,2.0,4,2.144,96.145,97.021,47,1,3,2,25.817,28.607,29.69,3,1,2,3,23.753,35.796,37.728,3,3,2,3,1,13.084,21.17,21.634,5,1,3,2,8.968,12.022,12.974,3,2,3,1,4.73,6.08,6.558,4,2,3,1,8.929,11.022,11.444,3,2,3,1,4.778,5.702,6.422,3,84233684,3.3333333333333335,3.75,2.0,1.3333333333333333,4.0,3.3333333333333335,3.75,2.0,1.3333333333333333,4.0
150,2019-04-08 01:26:44,2019-04-08 01:28:53,0,185.144.159.202,100,128,1,2019-04-08 01:28:53,R_1pEU7yaFq1j6F59,,,,,25.7805938720703125,-80.1826019287109375,anonymous,EN,1,1,23,5,4,2.0,3,4,3,3.0,4,2.0,2.0,3,4,3.0,3,4,3,4,4,3.0,4,4,3.0,3,3.0,2.0,4,3,2.0,4,3,3,3.0,4,3,2.0,2.0,3,3.0,4,3,4,2.0,3,2.0,4,3.631,32.148,34.162,58,3,1,2,12.159,18.788,20.61,3,1,3,2,2.087,10.216,12.16,5,3,2,1,3,1.442,4.153,7.672,4,1,2,3,1.843,4.508,6.72,4,1,3,2,1.81,4.515,4.816,4,3,1,2,1.913,6.619,8.009,5,3,2,1,3.047,7.011,8.475,6,41089175,3.0,2.5,2.5,2.0,2.0,3.0,2.5,2.5,2.0,2.0
151,2019-04-08 01:25:34,2019-04-08 01:30:22,0,68.231.28.144,100,288,1,2019-04-08 01:30:22,R_3r09QUNgdIEIIug,,,,,33.19110107421875,-111.5279998779296875,anonymous,EN,1,1,38,3,3,2.0,4,5,4,1.0,3,3.0,4.0,5,1,3.0,4,5,4,1,1,2.0,5,3,2.0,1,3.0,3.0,4,4,2.0,4,4,3,1.0,4,4,3.0,2.0,1,3.0,4,5,4,3.0,4,2.0,3,2.429,70.043,70.698,45,1,3,2,18.5,35.321,42.306,6,3,2,1,18.433,21.282,23.46,3,3,1,2,3,19.394,28.802,30.083,4,1,3,2,23.837,26.3,31.071,4,2,3,1,4.84,17.08,17.833,4,2,1,3,10.635,12.212,13.223,3,2,1,3,9.581,14.229,17.525,3,15122110,1.3333333333333333,2.5,2.5,3.3333333333333335,2.5,1.3333333333333333,2.5,2.5,3.3333333333333335,2.5
152,2019-04-08 01:40:25,2019-04-08 01:43:29,0,71.205.6.128,100,183,1,2019-04-08 01:43:29,R_3JeFekLbfhL16dP,,,,,39.7436065673828125,-105.064300537109375,anonymous,EN,1,1,48,7,4,1.0,4,5,4,1.0,4,1.0,2.0,5,4,1.0,4,5,4,5,4,1.0,4,5,2.0,5,2.0,1.0,4,5,2.0,5,4,5,2.0,5,4,1.0,2.0,5,2.0,5,4,5,2.0,5,2.0,5,7.358,83.084,88.745,44,1,3,2,5.206,7.183,9.384,3,1,2,3,1.943,3.885,6.45,3,3,3,1,2,2.299,4.443,7.31,3,2,3,1,2.352,4.583,6.847,3,3,1,2,1.955,4.684,7.093,3,2,3,1,1.505,3.6,5.441,3,1,3,2,1.799,3.736,5.446,3,75698779,1.6666666666666667,1.5,1.5,1.3333333333333333,2.0,1.6666666666666667,1.5,1.5,1.3333333333333333,2.0
153,2019-04-08 01:40:54,2019-04-08 01:44:16,0,50.90.167.148,100,202,1,2019-04-08 01:44:17,R_DHqDlvfR2Eifpq9,,,,,39.7436065673828125,-86.1157989501953125,anonymous,EN,1,2,23,4,4,1.0,4,4,5,2.0,5,2.0,2.0,4,5,1.0,4,5,4,4,5,2.0,5,4,1.0,4,2.0,1.0,5,4,1.0,4,5,4,1.0,4,4,1.0,1.0,4,2.0,5,4,5,1.0,5,2.0,4,5.001,51.116,88.826,48,3,2,1,3.597,8.566,12.631,6,1,2,3,2.975,6.634,9.672,4,3,1,2,3,5.371,11.701,12.606,5,1,2,3,6.367,7.817,10.445,3,3,2,1,2.796,6.763,10.6,5,3,2,1,4.576,6.859,9.82,4,3,2,1,2.52,4.059,9.144,3,63715187,1.3333333333333333,1.25,2.0,1.3333333333333333,1.0,1.3333333333333333,1.25,2.0,1.3333333333333333,1.0
154,2019-04-08 01:09:24,2019-04-08 01:44:34,0,23.124.117.158,100,2109,1,2019-04-08 01:44:34,R_1eVrb9tQeGLsz14,,,,,39.1396942138671875,-86.51409912109375,anonymous,EN,1,2,30,3,2,2.0,5,4,5,2.0,4,3.0,2.0,5,2,2.0,5,4,5,2,3,3.0,5,5,2.0,5,2.0,3.0,5,2,3.0,5,5,5,2.0,3,5,2.0,4.0,2,2.0,2,4,4,2.0,3,2.0,3,7.382,258.531,262.744,52,2,1,3,12.41,13.571,14.824,3,1,3,2,23.951,31.54,37.532,3,3,1,3,2,16.739,19.883,20.412,3,2,3,1,11.544,13.293,14.446,3,1,2,3,7.974,9.682,10.365,3,3,1,2,16.98,18.447,19.278,3,1,2,3,10.005,10.671,11.517,3,91132883,2.0,2.25,2.5,2.3333333333333335,3.0,2.0,2.25,2.5,2.3333333333333335,3.0
155,2019-04-08 01:41:08,2019-04-08 01:45:49,0,75.182.195.208,100,280,1,2019-04-08 01:45:49,R_2yqjvVsNcgSDwHo,,,,,35.506805419921875,-78.347900390625,anonymous,EN,1,1,35,6,4,1.0,4,5,4,1.0,4,1.0,2.0,5,4,1.0,4,5,4,5,4,1.0,4,5,2.0,5,2.0,1.0,4,5,2.0,5,4,5,2.0,5,4,1.0,2.0,5,2.0,5,4,5,2.0,5,2.0,5,2.026,32.944,34.226,48,1,2,3,33.939,36.567,37.967,5,3,2,1,1.631,5.119,6.598,4,3,3,2,1,1.66,2.965,7.18,4,2,1,3,3.322,5.233,9.325,4,1,3,2,1.977,3.878,4.252,4,3,1,2,1.375,4.351,5.369,5,,3,2,1.403,4.723,5.453,5,80451488,1.6666666666666667,1.5,1.5,1.3333333333333333,2.0,1.6666666666666667,1.5,1.5,1.3333333333333333,2.0
157,2019-04-08 01:42:07,2019-04-08 01:48:28,0,184.164.146.10,100,380,1,2019-04-08 01:48:28,R_3OdF1IpP5THk6bp,,,,,33.465606689453125,-111.99559783935546875,anonymous,EN,1,1,21,3,1,1.0,4,4,5,1.0,2,3.0,5.0,4,1,2.0,4,5,4,1,1,4.0,5,5,1.0,1,1.0,4.0,4,3,2.0,3,4,2,2.0,2,3,5.0,2.0,1,1.0,3,4,3,2.0,2,3.0,1,1.733,91.859,93.555,64,1,3,2,17.542,18.885,24.917,3,2,1,,6.563,25.356,26.399,12,3,1,2,3,14.99,24.087,28.353,7,1,2,3,14.184,20.66,21.717,4,2,1,3,8.886,15.909,16.656,3,1,3,2,28.804,32.111,32.842,5,1,3,2,9.249,10.953,12.26,3,38731136,1.3333333333333333,1.5,2.75,4.666666666666667,2.0,1.3333333333333333,1.5,2.75,4.666666666666667,2.0
158,2019-04-08 01:40:46,2019-04-08 01:56:32,0,108.74.130.89,100,946,1,2019-04-08 01:56:34,R_24BNeU6DU7M0Au5,,,,,35.251007080078125,-90.02960205078125,anonymous,EN,1,1,34,3,4,4.0,4,1,4,4.0,4,4.0,1.0,4,4,5.0,4,2,4,4,2,4.0,1,4,5.0,3,4.0,1.0,4,4,4.0,4,2,5,4.0,4,4,2.0,1.0,4,2.0,4,2,4,5.0,4,4.0,4,349.163,684.665,685.393,51,1,2,3,18.266,40.914,41.868,9,1,2,3,18.869,21.225,22.324,3,3,3,2,1,25.326,29.796,30.165,5,1,2,3,13.572,22.282,24.288,6,3,2,1,43.683,46.463,47.106,4,2,1,3,11.462,18.861,21.609,4,2,1,3,8.945,11.437,13.301,3,89374964,4.333333333333333,3.75,4.0,1.3333333333333333,3.0,4.333333333333333,3.75,4.0,1.3333333333333333,3.0
159,2019-04-08 01:58:10,2019-04-08 02:04:53,0,68.102.77.174,100,403,1,2019-04-08 02:04:54,R_3k6WtFkoZUmYrLc,,,,,37.7006988525390625,-97.43830108642578125,anonymous,EN,1,1,40,5,4,5.0,5,1,4,4.0,5,5.0,1.0,4,5,5.0,5,1,5,4,5,5.0,1,3,4.0,5,5.0,1.0,4,5,5.0,5,1,4,4.0,5,5,1.0,5.0,5,5.0,5,1,4,4.0,5,5.0,4,3.35,74.501,76.573,44,2,1,3,4.793,55.787,60.309,6,1,2,3,3.779,23.783,41.064,6,3,1,3,2,2.348,36.506,44.545,6,1,3,2,2.032,24.187,29.747,5,3,2,1,3.075,29.774,44.326,7,3,2,1,2.417,27,36.355,4,3,2,1,2.149,16.988,32.986,4,45814431,4.0,5.0,5.0,1.0,4.5,4.0,5.0,5.0,1.0,4.5
160,2019-04-08 02:11:31,2019-04-08 02:22:59,0,23.226.130.83,100,688,1,2019-04-08 02:23:01,R_2D63mXGqwKBNYvV,,,,,40.78759765625,-74.05999755859375,anonymous,EN,1,2,24,6,4,4.0,3,1,3,2.0,4,3.0,2.0,3,4,3.0,3,2,3,3,4,3.0,2,3,3.0,4,4.0,3.0,3,3,3.0,4,2,3,3.0,3,4,2.0,3.0,3,4.0,3,2,3,3.0,4,4.0,3,4.519,112.69,113.778,56,1,3,2,3.775,34.231,37.274,6,3,1,2,3.575,32.012,33.474,5,3,3,1,2,28.958,110.724,120.862,7,2,3,1,139.549,205.036,221.272,7,3,2,1,7.424,48.729,55.228,5,1,3,2,11.472,30.344,31.39,6,1,2,3,25.548,31.091,32.804,3,47304365,2.6666666666666665,3.5,3.5,2.3333333333333335,3.0,2.6666666666666665,3.5,3.5,2.3333333333333335,3.0
161,2019-04-08 02:13:58,2019-04-08 02:23:57,0,24.242.19.76,100,598,1,2019-04-08 02:23:57,R_O7hld1lUsEP3mox,,,,,31.9385986328125,-106.4073028564453125,anonymous,EN,1,2,35,6,3,4.0,5,1,3,3.0,4,5.0,2.0,3,2,5.0,5,2,3,2,2,5.0,2,2,3.0,2,5.0,2.0,2,1,5.0,5,2,2,3.0,5,4,2.0,3.0,3,5.0,5,2,3,2.0,4,4.0,2,1.656,82.921,83.793,45,2,1,3,19.121,33.095,38.986,5,1,2,3,15.612,19.98,22.172,4,3,1,3,2,30.364,35.451,40.543,3,1,3,2,21.668,22.643,24.484,3,1,3,2,10.885,14.525,15.618,4,2,1,3,19.596,23.556,24.858,3,3,1,2,19.529,20.59,21.924,3,37906773,3.0,4.75,4.75,2.0,2.5,3.0,4.75,4.75,2.0,2.5
162,2019-04-08 02:23:59,2019-04-08 02:27:23,0,104.200.35.165,100,204,1,2019-04-08 02:27:23,R_1rJ1ZJvpvsiEhaF,,,,,35.6699066162109375,-97.46469879150390625,anonymous,EN,1,2,27,6,4,3.0,4,4,5,1.0,4,2.0,3.0,4,5,2.0,3,4,3,4,4,3.0,4,4,1.0,4,2.0,3.0,5,4,2.0,5,4,4,2.0,5,4,3.0,1.0,4,2.0,3,4,5,2.0,4,2.0,4,6.302,92.059,93.273,51,2,1,3,2.514,3.331,4.152,3,,3,2,2.69,3.29,3.868,3,3,3,2,1,2.887,3.901,4.715,3,2,1,3,2.612,4.053,4.583,5,2,1,3,6.942,7.974,8.469,3,3,2,,1.2,1.815,2.316,3,1,3,2,0.17,1.234,1.992,3,29476086,1.3333333333333333,2.25,2.25,3.0,1.5,1.3333333333333333,2.25,2.25,3.0,1.5
163,2019-04-08 02:36:36,2019-04-08 02:44:12,0,209.169.65.26,100,456,1,2019-04-08 02:44:14,R_TtS7VDiHluPEd0Z,,,,,30.35870361328125,-95.685699462890625,anonymous,EN,1,2,29,2,1,2.0,4,5,5,1.0,2,2.0,5.0,4,1,3.0,4,4,5,1,1,2.0,4,1,2.0,1,1.0,5.0,2,1,2.0,4,5,4,1.0,1,1,2.0,1.0,1,4.0,1,4,5,5.0,1,5.0,4,19.13,130.376,132.32,59,2,3,1,102.724,111.406,118.618,4,3,2,1,16.08,16.947,18.765,3,3,2,1,3,59.618,63.416,66.34,3,2,1,3,19.571,20.518,21.608,3,2,1,3,9.503,11.564,13.352,3,2,3,1,16.126,22.27,22.593,8,2,1,3,14.483,17.037,17.473,4,94119072,1.3333333333333333,2.75,2.5,4.0,3.0,1.3333333333333333,2.75,2.5,4.0,3.0
164,2019-04-08 05:05:15,2019-04-08 05:13:55,0,45.59.23.192,100,519,1,2019-04-08 05:13:55,R_5ywIVmyUZcY5csh,,,,,40.7427978515625,-73.97119903564453125,anonymous,EN,1,1,26,5,4,3.0,5,4,3,1.0,4,4.0,2.0,3,4,1.0,4,2,3,4,3,4.0,4,3,2.0,5,4.0,3.0,4,2,3.0,4,3,5,3.0,4,2,3.0,2.0,5,2.0,3,2,4,3.0,4,1.0,3,9.356,98.843,108.523,52,2,1,3,26.701,47.404,52.638,6,3,2,1,10.347,11.763,17.593,3,3,2,3,1,13.617,14.673,15.869,3,1,2,3,4.565,5.501,7.588,3,2,1,3,4.254,6.478,7.666,3,1,3,2,5.049,6.329,7.667,3,1,2,3,1.563,5.154,7.117,7,76999870,2.0,2.25,3.25,2.6666666666666665,2.5,2.0,2.25,3.25,2.6666666666666665,2.5
165,2019-04-08 05:09:26,2019-04-08 05:15:31,0,200.35.152.87,100,365,1,2019-04-08 05:15:32,R_2Cs41gcfvuJ8Z9u,,,,,25.763397216796875,-80.1885986328125,anonymous,EN,1,2,25,5,4,1.0,3,2,3,2.0,4,4.0,1.0,4,5,2.0,5,5,2,4,4,4.0,2,4,2.0,5,4.0,4.0,5,5,2.0,4,5,4,4.0,4,5,2.0,1.0,5,4.0,3,2,4,1.0,5,4.0,3,1.267,63.324,64.421,60,2,3,1,4.284,14.926,15.828,9,2,3,1,5.354,7.311,8.79,4,3,1,2,3,8.469,11.013,11.849,3,3,1,2,8.384,10.335,11.761,4,3,1,2,3.16,6.006,7.087,4,1,2,3,6.178,14.741,15.76,7,2,3,1,2.779,5.378,6.969,4,74531918,2.6666666666666665,2.25,4.0,2.3333333333333335,1.0,2.6666666666666665,2.25,4.0,2.3333333333333335,1.0
