,Agreeableness,Animacy2rational,Anthropomorphism2rational,Conscientiousness,Emotions,Extroversion,Intelligence2rational,Interactions,Likability2rational,Neuroticism,Openness,Q10.1,Q12.1,Q14.1,Q16.1,Q18.1,Q5.1,Q7.1,Safety2rational,Social_Influence,age,agree2rational,analyst,bartender,color,education,gender,iAnimacy,iAnthropomorphism,iColor,iIntelligence,iLikability,iSafety,iSide,id,investments,irrational_agree,jury,prefer,rAnimacy,rAnthropomorphism,rColor,rIntelligence,rLikability,rSafety,rSide,rational_agree,trap
0,3.0,0.8333333333333335,0.8000000000000003,2.888888888888889,9,3.25,1.0,18,1.0,3.0,3.1,0,0,0,1,0,0,0,1.0,18,28,0.7142857142857144,0,1,Red,"Bechelor's degree (e.g. BA, BS)",Female,2.6666666666666665,2.8,Blue,2.6,2.6,2.6666666666666665,right,11239647,0,0.14285714285714285,0,0,3.5,3.6,Red,3.6,3.6,3.6666666666666665,left,0.8571428571428572,Cooking
1,4.0,-1.833333333333333,-2.0,3.4444444444444446,13,4.625,0.5999999999999996,9,-0.6000000000000001,2.5,4.1,0,0,0,1,0,1,1,0.33333333333333304,11,37,0.14285714285714285,0,1,Blue,"Some college, no degree",Female,4.333333333333333,4.0,Blue,3.2,3.6,3.3333333333333335,right,11495975,0,0.42857142857142855,0,1,2.5,2.0,Red,3.8,3.0,3.6666666666666665,left,0.5714285714285714,Cooking
2,4.444444444444445,-0.5,0.0,4.333333333333333,11,2.125,-1.0000000000000004,10,-0.5999999999999996,3.625,3.3,0,1,1,0,1,0,0,-0.3333333333333335,14,27,0.14285714285714285,0,1,Red,"Associate degree (e.g. AA, AS)",Male,2.5,2.0,Blue,4.4,4.6,4.0,right,13849534,0,0.42857142857142855,0,0,2.0,2.0,Red,3.4,4.0,3.6666666666666665,left,0.5714285714285714,Cooking
3,2.111111111111111,0.3333333333333335,1.1999999999999997,4.444444444444445,8,2.25,0.20000000000000018,13,3.6,1.125,4.3,0,1,1,1,1,0,0,1.6666666666666665,19,34,-0.1428571428571428,0,1,Blue,"Bechelor's degree (e.g. BA, BS)",Male,3.1666666666666665,2.6,Blue,3.4,1.4,2.3333333333333335,right,20359636,1,0.5714285714285714,1,1,3.5,3.8,Red,3.6,5.0,4.0,left,0.4285714285714286,Cooking
4,3.888888888888889,0.0,0.0,4.111111111111111,7,3.75,1.2000000000000002,11,0.0,1.625,4.5,1,1,0,0,1,0,0,0.0,13,56,0.14285714285714285,0,0,Red,"Bechelor's degree (e.g. BA, BS)",Female,2.6666666666666665,1.0,Blue,2.4,3.8,3.3333333333333335,right,21894479,0,0.42857142857142855,0,0,2.6666666666666665,1.0,Red,3.6,3.8,3.3333333333333335,left,0.5714285714285714,Baking
5,4.0,1.5,0.20000000000000018,5.0,9,3.125,0.0,17,0.0,1.0,5.0,0,1,0,1,0,1,0,0.0,10,23,0.14285714285714285,1,0,Blue,"Bechelor's degree (e.g. BA, BS)",Female,1.5,2.8,Blue,3.6,4.6,3.6666666666666665,right,22461851,1,0.42857142857142855,1,1,3.0,3.0,Red,3.6,4.6,3.6666666666666665,left,0.5714285714285714,Cooking
6,3.6666666666666665,0.5,1.2000000000000002,3.5555555555555554,8,3.625,0.20000000000000018,15,0.19999999999999973,2.25,3.0,1,0,0,1,0,1,1,0.0,19,46,-0.1428571428571428,0,0,Blue,"Bechelor's degree (e.g. BA, BS)",Female,2.5,2.4,Blue,3.0,3.2,3.3333333333333335,right,35980460,1,0.5714285714285714,0,1,3.0,3.6,Red,3.2,3.4,3.3333333333333335,left,0.4285714285714286,Cooking
7,1.6666666666666667,0.0,0.0,5.0,5,1.125,0.0,14,0.0,2.0,1.9,0,1,1,0,1,0,0,0.0,21,35,0.14285714285714285,1,1,Blue,"Some college, no degree",Male,1.6666666666666667,1.0,Blue,1.4,2.6,3.6666666666666665,right,36758871,1,0.42857142857142855,1,1,1.6666666666666667,1.0,Red,1.4,2.6,3.6666666666666665,left,0.5714285714285714,Baking
8,3.0,1.0,1.0,3.111111111111111,9,3.0,0.8000000000000003,20,1.0,2.875,3.2,0,0,0,0,0,0,0,1.0,16,61,1.0,0,1,Red,"Bechelor's degree (e.g. BA, BS)",Female,2.6666666666666665,2.8,Blue,2.8,2.8,2.6666666666666665,right,42751055,0,0.0,0,0,3.6666666666666665,3.8,Red,3.6,3.8,3.6666666666666665,left,1.0,Cooking
9,4.222222222222222,0.0,-0.3999999999999999,3.0,7,2.0,-0.8000000000000003,14,0.3999999999999999,1.5,3.7,1,0,0,0,1,1,1,-1.3333333333333335,13,25,-0.1428571428571428,1,1,Red,"Some college, no degree",Male,3.1666666666666665,3.0,Blue,3.6,3.4,3.3333333333333335,right,44446845,1,0.5714285714285714,0,0,3.1666666666666665,2.6,Red,2.8,3.8,2.0,left,0.4285714285714286,Cooking
10,3.3333333333333335,0.0,1.0,3.5555555555555554,9,3.125,1.4,17,0.3999999999999999,2.625,3.1,1,0,0,1,1,0,1,-0.33333333333333304,19,31,-0.1428571428571428,1,0,Red,"Bechelor's degree (e.g. BA, BS)",Male,3.0,2.8,Blue,2.4,3.4,4.333333333333333,right,45483357,1,0.5714285714285714,0,0,3.0,3.8,Red,3.8,3.8,4.0,left,0.4285714285714286,Baking
11,3.2222222222222223,0.33333333333333304,0.20000000000000018,2.5555555555555554,11,3.375,0.3999999999999999,21,-0.20000000000000018,2.875,3.1,0,1,0,0,1,0,0,-0.6666666666666665,19,27,0.4285714285714286,1,0,Blue,"Associate degree (e.g. AA, AS)",Other,3.3333333333333335,3.4,Blue,3.0,4.0,3.6666666666666665,right,48536580,1,0.2857142857142857,1,1,3.6666666666666665,3.6,Red,3.4,3.8,3.0,left,0.7142857142857143,Cooking
12,4.333333333333333,0.8333333333333333,-0.19999999999999996,4.777777777777778,11,4.5,0.0,13,0.5999999999999996,1.25,4.6,1,0,0,1,0,1,0,-0.33333333333333304,13,33,0.14285714285714285,1,1,Red,"Some college, no degree",Male,1.6666666666666667,1.8,Blue,2.0,2.2,2.6666666666666665,right,52011112,0,0.42857142857142855,0,0,2.5,1.6,Red,2.0,2.8,2.3333333333333335,left,0.5714285714285714,Baking
13,4.555555555555555,-0.16666666666666652,-2.0,3.2222222222222223,10,4.625,-0.3999999999999999,13,-1.2000000000000002,1.875,4.6,0,1,1,0,1,1,1,-0.3333333333333335,16,46,-0.4285714285714286,1,1,Blue,"Bechelor's degree (e.g. BA, BS)",Female,3.0,4.2,Blue,3.4,3.6,3.3333333333333335,right,53491726,1,0.7142857142857143,1,1,2.8333333333333335,2.2,Red,3.0,2.4,3.0,left,0.2857142857142857,Cooking
14,3.2222222222222223,-0.3333333333333335,-1.0,3.2222222222222223,12,3.625,-1.6000000000000005,23,0.19999999999999973,3.5,3.3,1,1,0,0,1,1,0,1.6666666666666665,19,28,-0.1428571428571428,1,0,Blue,"Bechelor's degree (e.g. BA, BS)",Male,3.5,3.4,Blue,4.4,3.2,2.6666666666666665,right,55760407,0,0.5714285714285714,1,1,3.1666666666666665,2.4,Red,2.8,3.4,4.333333333333333,left,0.4285714285714286,Cooking
15,4.111111111111111,0.0,0.0,4.222222222222222,7,3.875,0.0,8,0.0,1.75,3.6,1,0,1,0,1,0,0,0.0,13,69,0.14285714285714285,0,1,Blue,"Some college, no degree",Male,2.5,2.2,Blue,3.2,2.8,3.6666666666666665,right,59321726,0,0.42857142857142855,0,1,2.5,2.2,Red,3.2,2.8,3.6666666666666665,left,0.5714285714285714,Cooking
16,5.0,0.0,0.3999999999999999,5.0,11,4.625,0.0,14,0.20000000000000018,1.125,4.5,0,1,1,0,1,0,0,0.0,17,67,0.14285714285714285,0,0,Red,"Bechelor's degree (e.g. BA, BS)",Female,3.0,3.0,Blue,4.0,3.8,3.6666666666666665,right,65151005,0,0.42857142857142855,0,0,3.0,3.4,Red,4.0,4.0,3.6666666666666665,left,0.5714285714285714,Cooking
17,4.666666666666667,0.0,0.0,5.0,15,3.5,0.0,8,0.0,1.25,4.3,0,1,1,0,1,0,0,0.0,5,37,0.14285714285714285,1,0,Red,"Bechelor's degree (e.g. BA, BS)",Female,3.1666666666666665,1.4,Blue,3.4,5.0,3.6666666666666665,right,68642608,0,0.42857142857142855,0,0,3.1666666666666665,1.4,Red,3.4,5.0,3.6666666666666665,left,0.5714285714285714,Baking
18,3.2222222222222223,-0.16666666666666652,0.8000000000000003,2.7777777777777777,9,2.625,0.7999999999999998,21,1.0,3.25,3.2,0,1,1,0,0,0,0,0.3333333333333335,19,22,0.4285714285714286,0,1,Red,"Associate degree (e.g. AA, AS)",Female,3.0,1.4,Blue,2.6,2.4,3.6666666666666665,right,69206941,0,0.2857142857142857,0,0,2.8333333333333335,2.2,Red,3.4,3.4,4.0,left,0.7142857142857143,Cooking
19,3.3333333333333335,0.16666666666666652,-0.19999999999999973,4.555555555555555,12,3.875,0.6000000000000001,17,-0.7999999999999998,2.25,4.1,1,1,0,0,1,0,1,-1.6666666666666665,12,28,-0.1428571428571428,0,0,Red,"Associate degree (e.g. AA, AS)",Male,2.8333333333333335,2.8,Blue,3.4,3.8,4.0,right,71323728,1,0.5714285714285714,1,0,3.0,2.6,Red,4.0,3.0,2.3333333333333335,left,0.4285714285714286,Cooking
20,3.2222222222222223,0.0,-0.40000000000000013,3.5555555555555554,5,3.125,0.0,9,0.0,3.0,4.6,0,1,1,0,1,1,0,-0.6666666666666665,18,48,-0.1428571428571428,1,1,Blue,"Bechelor's degree (e.g. BA, BS)",Female,2.8333333333333335,1.6,Blue,2.6,3.4,4.333333333333333,right,81494666,1,0.5714285714285714,1,1,2.8333333333333335,1.2,Red,2.6,3.4,3.6666666666666665,left,0.4285714285714286,Cooking
21,4.666666666666667,0.0,-0.8000000000000003,5.0,4,2.75,0.39999999999999947,11,0.20000000000000018,1.0,2.5,0,1,0,0,1,0,0,0.0,17,33,0.4285714285714286,0,0,Red,"Bechelor's degree (e.g. BA, BS)",Male,3.6666666666666665,3.6,Blue,4.4,4.0,4.333333333333333,right,84844777,0,0.2857142857142857,0,0,3.6666666666666665,2.8,Red,4.8,4.2,4.333333333333333,left,0.7142857142857143,Cooking
22,4.888888888888889,0.8333333333333333,0.3999999999999999,5.0,5,5.0,2.6,21,4.0,1.25,4.6,0,1,1,0,1,1,0,1.6666666666666665,17,51,-0.1428571428571428,1,0,Red,"Associate degree (e.g. AA, AS)",Female,1.8333333333333333,2.6,Blue,1.0,1.0,1.0,right,90854007,1,0.5714285714285714,1,0,2.6666666666666665,3.0,Red,3.6,5.0,2.6666666666666665,left,0.4285714285714286,Cooking
23,4.0,0.0,0.3999999999999999,3.7777777777777777,12,2.625,0.0,12,0.0,3.25,4.0,0,1,0,0,0,0,0,0.0,10,35,0.7142857142857144,1,0,Red,"Bechelor's degree (e.g. BA, BS)",Female,3.0,3.0,Blue,3.0,3.0,3.0,right,91869432,1,0.14285714285714285,0,0,3.0,3.4,Red,3.0,3.0,3.0,left,0.8571428571428572,Cooking
24,3.888888888888889,-0.16666666666666652,-0.20000000000000018,4.333333333333333,12,2.625,-0.20000000000000018,13,0.0,1.875,4.3,1,0,0,1,0,0,0,0.3333333333333335,11,45,0.4285714285714286,0,1,Red,"Associate degree (e.g. AA, AS)",Male,2.6666666666666665,2.6,Blue,3.6,4.4,3.6666666666666665,right,92268335,0,0.2857142857142857,0,0,2.5,2.4,Red,3.4,4.4,4.0,left,0.7142857142857143,Cooking
25,2.888888888888889,1.3333333333333335,1.2000000000000002,1.4444444444444444,15,1.625,2.6,9,2.0,3.25,4.1,0,0,0,0,1,0,0,0.6666666666666665,17,36,0.7142857142857144,1,1,Blue,"Bechelor's degree (e.g. BA, BS)",Male,2.0,2.0,Blue,1.4,2.0,3.0,right,98674943,1,0.14285714285714285,1,1,3.3333333333333335,3.2,Red,4.0,4.0,3.6666666666666665,left,0.8571428571428572,Cooking
26,4.0,-0.33333333333333304,-0.40000000000000036,4.555555555555555,11,2.125,-0.20000000000000018,20,0.3999999999999999,3.25,4.4,1,1,0,1,0,0,0,0.33333333333333304,16,28,0.14285714285714285,1,0,Blue,"Associate degree (e.g. AA, AS)",Male,3.6666666666666665,3.2,Red,3.6,3.4,3.3333333333333335,left,13353437,1,0.42857142857142855,0,0,3.3333333333333335,2.8,Blue,3.4,3.8,3.6666666666666665,right,0.5714285714285714,Cooking
27,3.5555555555555554,0.0,0.0,4.888888888888889,6,1.125,1.1999999999999997,12,0.0,2.5,3.9,0,1,1,0,1,0,0,0.0,13,23,0.14285714285714285,0,0,Blue,"Some college, no degree",Female,2.0,1.0,Red,2.2,1.8,2.3333333333333335,left,14528036,0,0.42857142857142855,0,0,2.0,1.0,Blue,3.4,1.8,2.3333333333333335,right,0.5714285714285714,Cooking
28,2.2222222222222223,-0.6666666666666665,0.19999999999999973,3.111111111111111,5,3.25,-0.20000000000000018,22,-0.3999999999999999,3.5,3.1,0,1,0,0,0,1,1,0.0,14,24,0.14285714285714285,1,1,Red,"Some college, no degree",Female,3.5,3.2,Red,3.0,3.6,3.3333333333333335,left,15285730,0,0.42857142857142855,0,1,2.8333333333333335,3.4,Blue,2.8,3.2,3.3333333333333335,right,0.5714285714285714,Cooking
29,4.444444444444445,2.0,1.7999999999999998,5.0,6,2.875,1.0,21,0.6000000000000001,1.875,4.3,1,0,0,1,1,1,0,1.0,21,66,-0.1428571428571428,1,0,Blue,"Some college, no degree",Female,2.5,2.0,Red,2.8,2.8,3.0,left,15825348,1,0.5714285714285714,1,0,4.5,3.8,Blue,3.8,3.4,4.0,right,0.4285714285714286,Cooking
30,3.6666666666666665,0.0,0.0,3.3333333333333335,10,1.5,0.0,12,0.0,1.625,3.4,0,1,1,1,1,0,0,0.0,14,26,-0.1428571428571428,1,0,Red,"Bechelor's degree (e.g. BA, BS)",Male,1.3333333333333333,1.0,Red,1.8,3.0,2.0,left,18881454,1,0.5714285714285714,1,1,1.3333333333333333,1.0,Blue,1.8,3.0,2.0,right,0.4285714285714286,Cooking
31,3.6666666666666665,0.0,0.20000000000000018,3.5555555555555554,15,3.625,0.0,11,0.0,3.25,3.5,1,1,1,0,0,0,0,0.33333333333333304,16,22,0.14285714285714285,1,1,Blue,"Bechelor's degree (e.g. BA, BS)",Female,4.333333333333333,4.0,Red,5.0,5.0,4.666666666666667,left,20045115,0,0.42857142857142855,0,0,4.333333333333333,4.2,Blue,5.0,5.0,5.0,right,0.5714285714285714,Baking
32,3.6666666666666665,0.0,0.20000000000000018,3.111111111111111,7,3.125,0.0,10,-0.20000000000000018,4.125,4.2,0,0,0,0,0,0,0,0.0,13,28,1.0,0,1,Blue,"Some college, no degree",Male,1.5,2.0,Red,5.0,5.0,4.0,left,20925951,0,0.0,0,0,1.5,2.2,Blue,5.0,4.8,4.0,right,1.0,Cooking
33,3.2222222222222223,0.0,0.0,3.111111111111111,10,3.125,0.0,11,0.0,2.875,3.1,0,1,1,1,1,0,0,0.0,18,31,-0.1428571428571428,0,1,Blue,"Bechelor's degree (e.g. BA, BS)",Female,2.8333333333333335,2.8,Red,3.6,4.0,4.0,left,22395999,1,0.5714285714285714,0,0,2.8333333333333335,2.8,Blue,3.6,4.0,4.0,right,0.4285714285714286,Cooking
34,3.2222222222222223,-1.0,-1.4,4.333333333333333,9,2.0,-0.7999999999999998,18,-0.7999999999999998,2.125,4.4,1,1,1,0,1,1,1,-1.0,17,61,-0.7142857142857142,1,0,Red,"Bechelor's degree (e.g. BA, BS)",Female,3.6666666666666665,4.0,Red,3.4,3.4,3.6666666666666665,left,22696322,1,0.8571428571428571,1,1,2.6666666666666665,2.6,Blue,2.6,2.6,2.6666666666666665,right,0.1428571428571429,Cooking
35,3.888888888888889,0.16666666666666696,0.3999999999999999,4.333333333333333,15,2.625,1.0,10,0.0,2.875,4.1,1,0,0,0,0,0,0,0.33333333333333304,7,21,0.7142857142857144,0,0,Blue,"Some college, no degree",Male,3.1666666666666665,2.6,Red,3.2,5.0,3.3333333333333335,left,23330523,0,0.14285714285714285,0,0,3.3333333333333335,3.0,Blue,4.2,5.0,3.6666666666666665,right,0.8571428571428572,Cooking
36,3.6666666666666665,-0.16666666666666696,0.40000000000000036,3.3333333333333335,11,3.5,0.20000000000000018,14,0.0,2.25,3.7,0,1,1,0,1,0,0,0.0,13,52,0.14285714285714285,0,1,Red,"Some college, no degree",Female,2.8333333333333335,2.8,Red,3.0,4.6,2.3333333333333335,left,25767099,0,0.42857142857142855,0,1,2.6666666666666665,3.2,Blue,3.2,4.6,2.3333333333333335,right,0.5714285714285714,Cooking
37,3.7777777777777777,0.16666666666666652,0.0,4.555555555555555,11,3.125,0.8000000000000003,19,-0.3999999999999999,2.0,4.3,1,1,1,1,1,0,1,-0.3333333333333335,15,31,-0.7142857142857142,1,0,Red,"Master's degree (e.g. MA, MS, MEd)",Female,3.0,3.4,Red,2.4,3.6,3.0,left,26047324,1,0.8571428571428571,1,1,3.1666666666666665,3.4,Blue,3.2,3.2,2.6666666666666665,right,0.1428571428571429,Baking
38,4.333333333333333,0.5,1.2000000000000002,4.111111111111111,10,4.125,2.6,10,0.9999999999999996,1.5,3.1,0,1,1,0,1,0,0,0.6666666666666665,11,51,0.14285714285714285,0,1,Blue,High school degree or equivalent (e.g. GED),Female,4.0,3.0,Red,2.4,3.6,3.6666666666666665,left,30583048,0,0.42857142857142855,0,0,4.5,4.2,Blue,5.0,4.6,4.333333333333333,right,0.5714285714285714,Baking
39,4.555555555555555,0.0,0.0,4.666666666666667,9,2.375,0.0,18,0.0,2.5,3.1,0,1,1,0,1,1,0,0.0,15,26,-0.1428571428571428,1,0,Red,"Bechelor's degree (e.g. BA, BS)",Female,1.0,1.0,Red,3.0,3.0,3.0,left,44807078,1,0.5714285714285714,1,1,1.0,1.0,Blue,3.0,3.0,3.0,right,0.4285714285714286,Baking
40,3.888888888888889,-1.333333333333333,-1.2000000000000002,4.111111111111111,11,2.75,-1.2000000000000002,9,-2.4,2.375,3.5,0,1,1,0,1,1,1,-0.6666666666666665,10,25,-0.4285714285714286,1,0,Red,"Bechelor's degree (e.g. BA, BS)",Male,4.333333333333333,4.4,Red,4.4,5.0,4.333333333333333,left,49684605,1,0.7142857142857143,1,1,3.0,3.2,Blue,3.2,2.6,3.6666666666666665,right,0.2857142857142857,Cooking
41,3.4444444444444446,0.16666666666666652,-1.0,4.0,9,4.375,-0.40000000000000036,12,-0.19999999999999973,2.375,4.3,0,1,1,0,1,0,0,0.0,18,57,0.14285714285714285,0,1,Blue,"Bechelor's degree (e.g. BA, BS)",Female,3.0,3.0,Red,4.2,3.4,3.0,left,49747514,0,0.42857142857142855,1,0,3.1666666666666665,2.0,Blue,3.8,3.2,3.0,right,0.5714285714285714,Cooking
42,2.6666666666666665,-0.666666666666667,1.0,3.0,13,2.5,0.40000000000000036,15,-0.6000000000000001,3.0,2.7,1,1,1,0,1,0,0,0.0,16,27,-0.1428571428571428,0,1,Blue,"Bechelor's degree (e.g. BA, BS)",Male,3.3333333333333335,2.4,Red,2.8,3.2,2.6666666666666665,left,51446954,1,0.5714285714285714,0,0,2.6666666666666665,3.4,Blue,3.2,2.6,2.6666666666666665,right,0.4285714285714286,Cooking
43,4.666666666666667,0.16666666666666696,0.8000000000000003,3.2222222222222223,14,2.0,1.4,9,0.20000000000000018,2.0,2.3,0,1,1,0,1,0,0,0.0,12,33,0.14285714285714285,0,0,Blue,"Associate degree (e.g. AA, AS)",Male,4.0,2.8,Red,2.4,4.6,4.0,left,52862499,0,0.42857142857142855,0,0,4.166666666666667,3.6,Blue,3.8,4.8,4.0,right,0.5714285714285714,Baking
44,4.0,0.0,0.20000000000000018,4.333333333333333,9,3.0,-2.2,16,0.3999999999999999,2.75,2.8,0,1,0,0,0,0,0,1.0,13,33,0.7142857142857144,0,0,Blue,"Bechelor's degree (e.g. BA, BS)",Male,3.3333333333333335,2.8,Red,4.4,3.4,3.0,left,54037292,0,0.14285714285714285,0,0,3.3333333333333335,3.0,Blue,2.2,3.8,4.0,right,0.8571428571428572,Cooking
45,4.333333333333333,0.0,0.0,4.555555555555555,8,3.875,0.0,15,0.0,2.25,4.2,0,1,0,1,1,0,0,0.0,19,39,0.14285714285714285,0,1,Blue,"Master's degree (e.g. MA, MS, MEd)",Female,2.6666666666666665,2.4,Red,3.6,3.4,3.3333333333333335,left,59699266,0,0.42857142857142855,0,0,2.6666666666666665,2.4,Blue,3.6,3.4,3.3333333333333335,right,0.5714285714285714,Cooking
46,3.7777777777777777,-1.1666666666666667,-0.3999999999999999,4.333333333333333,6,3.25,-0.8000000000000003,21,-0.3999999999999999,2.5,4.0,0,1,1,0,1,0,0,-0.6666666666666665,24,57,0.14285714285714285,1,0,Red,"Some college, no degree",Female,2.8333333333333335,2.6,Red,3.2,2.6,2.6666666666666665,left,60848745,1,0.42857142857142855,0,1,1.6666666666666667,2.2,Blue,2.4,2.2,2.0,right,0.5714285714285714,Baking
47,3.3333333333333335,0.3333333333333335,0.19999999999999996,3.888888888888889,5,1.125,1.0,12,0.19999999999999973,2.25,3.3,0,0,0,0,0,0,0,0.0,18,20,1.0,0,0,Blue,High school degree or equivalent (e.g. GED),Female,2.1666666666666665,1.8,Red,3.0,3.2,3.0,left,65900291,0,0.0,0,0,2.5,2.0,Blue,4.0,3.4,3.0,right,1.0,Cooking
48,3.3333333333333335,0.0,0.0,4.333333333333333,11,2.75,0.0,12,0.0,4.25,2.7,0,1,1,0,1,0,0,0.0,10,32,0.14285714285714285,0,0,Blue,"Bechelor's degree (e.g. BA, BS)",Male,1.0,1.4,Red,3.4,3.0,3.0,left,66772126,0,0.42857142857142855,0,0,1.0,1.4,Blue,3.4,3.0,3.0,right,0.5714285714285714,Cooking
49,4.0,1.1666666666666667,1.2000000000000002,3.5555555555555554,10,2.125,0.5999999999999996,11,0.3999999999999999,2.0,4.5,0,1,1,0,1,0,0,1.0,17,29,0.14285714285714285,0,0,Blue,High school degree or equivalent (e.g. GED),Male,1.8333333333333333,1.4,Red,3.2,2.6,2.6666666666666665,left,70392340,0,0.42857142857142855,0,0,3.0,2.6,Blue,3.8,3.0,3.6666666666666665,right,0.5714285714285714,Cooking
50,3.2222222222222223,0.33333333333333304,0.3999999999999999,3.2222222222222223,4,3.375,1.1999999999999997,15,0.7999999999999998,2.875,3.1,1,1,0,1,0,0,0,0.0,16,53,0.14285714285714285,0,0,Blue,"Bechelor's degree (e.g. BA, BS)",Female,2.8333333333333335,2.6,Red,2.2,2.6,3.0,left,73496602,0,0.42857142857142855,0,0,3.1666666666666665,3.0,Blue,3.4,3.4,3.0,right,0.5714285714285714,Cooking
51,2.6666666666666665,0.0,0.0,3.4444444444444446,11,2.0,1.0,10,0.0,2.75,4.6,0,1,1,0,1,0,0,0.0,12,24,0.14285714285714285,0,1,Blue,"Bechelor's degree (e.g. BA, BS)",Male,1.6666666666666667,1.0,Red,2.6,4.2,3.3333333333333335,left,78958595,0,0.42857142857142855,0,0,1.6666666666666667,1.0,Blue,3.6,4.2,3.3333333333333335,right,0.5714285714285714,Cooking
52,3.7777777777777777,-0.3333333333333335,-1.1999999999999997,4.333333333333333,8,3.25,-1.0,20,-1.4,3.75,4.0,1,1,1,0,1,1,1,-1.0,16,28,-0.7142857142857142,1,0,Red,"Master's degree (e.g. MA, MS, MEd)",Female,3.5,3.8,Red,3.6,4.0,4.0,left,79544071,1,0.8571428571428571,1,1,3.1666666666666665,2.6,Blue,2.6,2.6,3.0,right,0.1428571428571429,Cooking
53,,0.0,0.0,,10,,0.0,15,0.0,,,0,0,0,1,1,1,0,0.0,15,44,0.14285714285714285,0,1,Blue,"Some college, no degree",Male,1.5,1.8,Red,2.4,2.6,2.3333333333333335,left,80090537,0,0.42857142857142855,0,0,1.5,1.8,Blue,2.4,2.6,2.3333333333333335,right,0.5714285714285714,Cooking
54,,0.0,0.0,,10,,0.0,11,-0.1999999999999993,,,1,1,0,1,0,1,0,0.0,12,27,-0.1428571428571428,1,1,Red,"Associate degree (e.g. AA, AS)",Female,3.3333333333333335,1.6,Red,4.0,4.6,4.0,left,96252293,1,0.5714285714285714,1,1,3.3333333333333335,1.6,Blue,4.0,4.4,4.0,right,0.4285714285714286,Baking
55,4.333333333333333,0.0,0.0,4.555555555555555,9,3.75,0.0,13,0.0,1.25,4.8,0,1,1,1,1,0,0,0.0,18,65,-0.1428571428571428,0,1,Red,"Master's degree (e.g. MA, MS, MEd)",Female,2.0,1.6,Red,3.0,3.0,2.3333333333333335,right,11846897,0,0.5714285714285714,0,1,2.0,1.6,Blue,3.0,3.0,2.3333333333333335,left,0.4285714285714286,Cooking
56,3.6666666666666665,0.0,0.19999999999999973,3.7777777777777777,12,1.875,0.40000000000000036,18,0.0,3.625,2.9,1,0,0,1,0,1,0,0.0,16,28,0.14285714285714285,0,1,Red,"Some college, no degree",Male,3.0,3.2,Red,3.8,4.4,2.6666666666666665,right,14336078,0,0.42857142857142855,1,1,3.0,3.4,Blue,4.2,4.4,2.6666666666666665,left,0.5714285714285714,Cooking
57,4.555555555555555,-0.5,-0.3999999999999999,4.555555555555555,7,4.25,0.0,15,-0.8000000000000003,2.25,2.9,1,1,1,1,1,1,1,-0.6666666666666667,15,57,-1.0,1,1,Red,"Bechelor's degree (e.g. BA, BS)",Female,3.6666666666666665,4.0,Red,3.8,4.2,2.3333333333333335,right,18409974,1,1.0,1,1,3.1666666666666665,3.6,Blue,3.8,3.4,1.6666666666666667,left,0.0,Cooking
58,3.6666666666666665,-0.8333333333333335,-0.7999999999999998,4.444444444444445,13,3.5,0.0,14,-1.0,3.125,4.9,1,1,1,0,1,1,1,-1.3333333333333335,14,38,-0.7142857142857142,1,1,Red,"Bechelor's degree (e.g. BA, BS)",Female,3.5,3.0,Red,4.0,5.0,4.0,right,20055821,1,0.8571428571428571,1,1,2.6666666666666665,2.2,Blue,4.0,4.0,2.6666666666666665,left,0.1428571428571429,Baking
59,3.2222222222222223,-0.5,-1.1999999999999997,3.0,9,3.25,-1.0,20,-0.6000000000000001,2.875,2.9,1,1,1,0,1,1,1,-0.666666666666667,16,61,-0.7142857142857142,1,0,Red,"Master's degree (e.g. MA, MS, MEd)",Female,3.3333333333333335,3.8,Red,3.8,3.4,3.3333333333333335,right,24787738,1,0.8571428571428571,1,1,2.8333333333333335,2.6,Blue,2.8,2.8,2.6666666666666665,left,0.1428571428571429,Cooking
60,2.6666666666666665,-0.5,-1.2000000000000002,2.3333333333333335,9,2.875,-0.8000000000000003,12,-0.20000000000000018,3.5,2.8,0,1,1,0,1,0,1,-1.9999999999999996,15,23,-0.1428571428571428,1,0,Red,"Bechelor's degree (e.g. BA, BS)",Male,3.0,3.2,Red,4.4,4.0,4.333333333333333,right,25546526,1,0.5714285714285714,1,1,2.5,2.0,Blue,3.6,3.8,2.3333333333333335,left,0.4285714285714286,Cooking
61,3.0,0.6666666666666665,0.6000000000000001,3.6666666666666665,8,3.25,0.20000000000000018,11,0.3999999999999999,1.75,3.1,0,0,1,1,1,0,0,0.0,18,27,0.14285714285714285,0,0,Blue,High school degree or equivalent (e.g. GED),Male,1.5,1.2,Red,2.0,2.0,3.6666666666666665,right,25748656,0,0.42857142857142855,0,0,2.1666666666666665,1.8,Blue,2.2,2.4,3.6666666666666665,left,0.5714285714285714,Cooking
62,2.888888888888889,0.0,1.1999999999999997,4.555555555555555,7,3.75,0.5999999999999996,19,0.0,4.875,4.7,0,1,1,0,1,0,0,0.6666666666666665,17,23,0.14285714285714285,0,1,Blue,"Bechelor's degree (e.g. BA, BS)",Female,3.5,2.2,Red,4.4,4.8,3.0,right,32303317,0,0.42857142857142855,0,0,3.5,3.4,Blue,5.0,4.8,3.6666666666666665,left,0.5714285714285714,Cooking
63,4.333333333333333,0.16666666666666652,0.20000000000000018,4.555555555555555,13,3.375,0.19999999999999973,7,0.0,2.25,3.7,1,0,0,1,0,0,1,0.0,9,47,0.14285714285714285,0,1,Red,High school degree or equivalent (e.g. GED),Female,3.3333333333333335,3.0,Red,3.6,5.0,4.333333333333333,right,41224881,1,0.42857142857142855,0,1,3.5,3.2,Blue,3.8,5.0,4.333333333333333,left,0.5714285714285714,Cooking
64,3.0,0.6666666666666665,1.1999999999999997,4.222222222222222,12,2.75,-0.20000000000000018,14,0.6000000000000001,3.125,3.2,0,1,1,1,1,1,0,0.0,12,47,-0.4285714285714286,0,0,Blue,"Some college, no degree",Female,2.5,2.6,Red,2.6,3.0,2.3333333333333335,right,49741214,0,0.7142857142857143,1,0,3.1666666666666665,3.8,Blue,2.4,3.6,2.3333333333333335,left,0.2857142857142857,Cooking
65,4.666666666666667,-0.16666666666666652,-1.2000000000000002,4.888888888888889,10,4.875,0.6000000000000001,20,0.0,1.75,4.6,0,0,0,0,0,0,0,-1.0,19,44,1.0,0,0,Blue,"Associate degree (e.g. AA, AS)",Female,3.5,3.6,Red,3.4,3.8,3.6666666666666665,right,51553241,0,0.0,0,0,3.3333333333333335,2.4,Blue,4.0,3.8,2.6666666666666665,left,1.0,Cooking
66,2.5555555555555554,0.3333333333333335,0.7999999999999998,3.4444444444444446,8,2.875,0.40000000000000013,20,-0.6000000000000001,2.5,2.8,0,0,0,0,0,0,0,-1.3333333333333335,14,33,1.0,0,1,Blue,"Bechelor's degree (e.g. BA, BS)",Male,3.0,2.6,Red,1.8,3.0,4.0,right,52663717,0,0.0,0,0,3.3333333333333335,3.4,Blue,2.2,2.4,2.6666666666666665,left,1.0,Cooking
67,1.8888888888888888,-1.0000000000000002,-2.0,2.7777777777777777,8,1.0,1.0,10,-0.3999999999999999,3.875,3.4,0,1,1,0,1,0,0,-1.0,9,31,0.14285714285714285,0,1,Blue,High school degree or equivalent (e.g. GED),Male,2.8333333333333335,3.6,Red,3.0,3.8,3.0,right,54755540,0,0.42857142857142855,1,0,1.8333333333333333,1.6,Blue,4.0,3.4,2.0,left,0.5714285714285714,Baking
68,4.888888888888889,-0.16666666666666696,0.0,3.111111111111111,11,4.625,-0.20000000000000018,9,-0.19999999999999973,2.75,4.7,1,1,1,1,1,0,0,0.0,13,30,-0.4285714285714286,1,0,Red,"Some college, no degree",Male,2.8333333333333335,2.2,Red,4.8,3.4,2.6666666666666665,right,55766458,1,0.7142857142857143,0,1,2.6666666666666665,2.2,Blue,4.6,3.2,2.6666666666666665,left,0.2857142857142857,Cooking
69,3.3333333333333335,1.0,2.0,4.777777777777778,6,2.0,2.4000000000000004,17,1.0,1.75,3.9,0,1,1,0,1,0,0,0.0,17,27,0.14285714285714285,1,0,Blue,"Some college, no degree",Male,2.3333333333333335,2.0,Red,2.0,3.0,3.3333333333333335,right,57888577,1,0.42857142857142855,1,0,3.3333333333333335,4.0,Blue,4.4,4.0,3.3333333333333335,left,0.5714285714285714,Cooking
70,2.888888888888889,-0.4999999999999998,-0.6000000000000001,5.0,5,2.875,-0.20000000000000018,14,-2.2,1.0,2.7,1,1,1,1,1,1,1,0.0,25,32,-1.0,1,1,Red,"Bechelor's degree (e.g. BA, BS)",Male,2.1666666666666665,2.0,Red,3.0,4.0,3.0,right,58696018,1,1.0,1,1,1.6666666666666667,1.4,Blue,2.8,1.8,3.0,left,0.0,Baking
71,3.111111111111111,-1.0,-0.8000000000000003,3.111111111111111,9,3.0,-0.5999999999999996,18,-1.0,3.0,3.2,1,1,1,0,1,1,1,-1.0,16,61,-0.7142857142857142,1,0,Red,"Bechelor's degree (e.g. BA, BS)",Female,3.6666666666666665,3.6,Red,3.8,3.6,4.0,right,58803917,1,0.8571428571428571,1,1,2.6666666666666665,2.8,Blue,3.2,2.6,3.0,left,0.1428571428571429,Cooking
72,5.0,0.3333333333333335,1.0,4.777777777777778,6,1.25,0.0,18,0.0,1.625,2.5,1,0,0,0,0,1,1,0.6666666666666665,19,34,0.14285714285714285,1,0,Blue,"Some college, no degree",Female,3.6666666666666665,2.8,Red,4.0,4.8,3.0,right,60366320,1,0.42857142857142855,0,0,4.0,3.8,Blue,4.0,4.8,3.6666666666666665,left,0.5714285714285714,Baking
73,4.111111111111111,-0.33333333333333304,-1.5999999999999996,4.777777777777778,9,2.375,-0.7999999999999998,10,-0.7999999999999998,3.0,3.7,0,1,1,1,0,1,0,-0.33333333333333304,15,71,-0.1428571428571428,1,0,Red,"Doctorate (e.g. PhD, EdD)",Female,3.1666666666666665,3.8,Red,3.4,3.4,3.6666666666666665,right,61099301,1,0.5714285714285714,0,1,2.8333333333333335,2.2,Blue,2.6,2.6,3.3333333333333335,left,0.4285714285714286,Cooking
74,3.3333333333333335,-0.16666666666666652,-0.8000000000000003,2.5555555555555554,4,2.625,-2.1999999999999997,17,-0.3999999999999999,1.75,3.5,0,1,1,0,1,1,0,0.0,19,36,-0.1428571428571428,1,1,Red,"Bechelor's degree (e.g. BA, BS)",Female,3.1666666666666665,3.2,Red,3.8,4.0,3.6666666666666665,right,65296967,1,0.5714285714285714,1,1,3.0,2.4,Blue,1.6,3.6,3.6666666666666665,left,0.4285714285714286,Cooking
75,3.6666666666666665,0.666666666666667,0.3999999999999999,4.888888888888889,9,2.25,0.40000000000000036,11,0.6000000000000001,2.5,3.3,0,1,1,0,1,0,0,-0.6666666666666665,15,40,0.14285714285714285,0,1,Blue,"Bechelor's degree (e.g. BA, BS)",Female,2.6666666666666665,2.6,Red,3.8,3.4,3.6666666666666665,right,65409180,0,0.42857142857142855,0,0,3.3333333333333335,3.0,Blue,4.2,4.0,3.0,left,0.5714285714285714,Cooking
76,4.555555555555555,0.6666666666666665,0.7999999999999998,5.0,7,3.375,1.8,24,0.6000000000000001,1.125,4.5,1,0,0,1,0,0,0,0.6666666666666665,22,61,0.4285714285714286,0,1,Blue,"Some college, no degree",Female,1.5,2.0,Red,1.8,1.2,2.3333333333333335,right,66697570,0,0.2857142857142857,0,0,2.1666666666666665,2.8,Blue,3.6,1.8,3.0,left,0.7142857142857143,Cooking
77,4.444444444444445,-0.3333333333333335,-0.7999999999999998,4.111111111111111,3,2.375,-1.4,21,-1.2000000000000002,1.125,2.7,1,1,0,0,0,1,0,-0.6666666666666665,20,41,0.14285714285714285,1,0,Red,"Some college, no degree",Male,3.8333333333333335,3.4,Red,4.0,4.0,3.6666666666666665,right,74952459,1,0.42857142857142855,1,1,3.5,2.6,Blue,2.6,2.8,3.0,left,0.5714285714285714,Cooking
78,3.2222222222222223,0.16666666666666652,0.0,2.7777777777777777,8,1.25,0.7999999999999998,13,0.0,4.375,3.4,0,0,0,1,0,1,1,0.0,16,35,0.14285714285714285,0,0,Blue,"Bechelor's degree (e.g. BA, BS)",Male,2.5,2.0,Red,3.2,3.8,4.0,right,86206571,0,0.42857142857142855,0,0,2.6666666666666665,2.0,Blue,4.0,3.8,4.0,left,0.5714285714285714,Cooking
79,2.888888888888889,0.5,-0.5999999999999996,2.888888888888889,11,3.5,-0.20000000000000018,20,0.40000000000000036,3.375,3.4,0,1,0,1,1,1,1,-1.0,17,39,-0.4285714285714286,1,0,Blue,"Master's degree (e.g. MA, MS, MEd)",Female,3.1666666666666665,3.8,Red,3.2,2.8,4.0,right,91474527,0,0.7142857142857143,0,0,3.6666666666666665,3.2,Blue,3.0,3.2,3.0,left,0.2857142857142857,Cooking
80,3.2222222222222223,0.5,0.3999999999999999,3.0,11,3.25,0.0,22,1.2000000000000002,3.625,3.1,1,0,0,0,1,0,1,-0.3333333333333335,18,30,0.14285714285714285,0,1,Blue,"Bechelor's degree (e.g. BA, BS)",Male,2.8333333333333335,3.0,Red,3.0,2.8,3.3333333333333335,right,96838109,1,0.42857142857142855,0,0,3.3333333333333335,3.4,Blue,3.0,4.0,3.0,left,0.5714285714285714,Baking
81,3.111111111111111,1.1666666666666667,1.4,3.111111111111111,5,2.875,2.6000000000000005,21,1.5999999999999996,2.875,3.6,0,1,1,1,0,0,0,0.6666666666666665,23,44,0.14285714285714285,0,0,Blue,"Some college, no degree",Male,1.8333333333333333,2.0,Red,1.8,2.2,3.6666666666666665,right,99952033,0,0.42857142857142855,0,0,3.0,3.4,Blue,4.4,3.8,4.333333333333333,left,0.5714285714285714,Cooking
82,3.6666666666666665,-0.833333333333333,-0.40000000000000036,3.888888888888889,13,3.5,-1.2000000000000002,12,0.0,1.75,3.3,0,1,1,0,1,0,0,0.0,13,33,0.14285714285714285,1,0,Blue,"Bechelor's degree (e.g. BA, BS)",Male,3.6666666666666665,3.2,Blue,3.6,4.0,3.3333333333333335,left,11503361,1,0.42857142857142855,1,1,2.8333333333333335,2.8,Red,2.4,4.0,3.3333333333333335,right,0.5714285714285714,Cooking
83,4.888888888888889,0.0,0.0,4.888888888888889,11,4.375,0.0,7,0.0,1.0,4.6,1,1,0,0,0,0,0,0.0,10,27,0.4285714285714286,0,0,Red,"Some college, no degree",Male,1.6666666666666667,1.0,Blue,3.4,3.2,4.0,left,15605360,0,0.2857142857142857,0,0,1.6666666666666667,1.0,Red,3.4,3.2,4.0,right,0.7142857142857143,Cooking
84,2.7777777777777777,0.833333333333333,0.8000000000000003,3.3333333333333335,10,3.0,0.3999999999999999,18,1.0,3.125,3.2,0,0,0,0,0,0,0,0.6666666666666665,18,61,1.0,0,1,Red,"Master's degree (e.g. MA, MS, MEd)",Female,2.8333333333333335,2.8,Blue,3.4,2.8,3.0,left,17230119,0,0.0,0,0,3.6666666666666665,3.6,Red,3.8,3.8,3.6666666666666665,right,1.0,Cooking
85,5.0,0.0,0.0,5.0,11,3.5,0.0,12,0.0,1.75,3.9,1,1,0,1,1,1,0,0.0,14,50,-0.4285714285714286,1,0,Blue,"Some college, no degree",Female,3.0,2.4,Blue,3.8,4.2,3.0,left,22768017,1,0.7142857142857143,0,1,3.0,2.4,Red,3.8,4.2,3.0,right,0.2857142857142857,Cooking
86,4.333333333333333,0.0,0.0,2.7777777777777777,11,2.375,0.0,13,0.0,2.375,2.9,0,0,1,1,0,0,1,0.0,13,35,0.14285714285714285,1,0,Red,"Some college, no degree",Male,2.1666666666666665,1.4,Blue,2.6,3.2,3.3333333333333335,left,24567050,0,0.42857142857142855,1,0,2.1666666666666665,1.4,Red,2.6,3.2,3.3333333333333335,right,0.5714285714285714,Cooking
87,4.555555555555555,0.3333333333333335,1.0,4.888888888888889,10,4.5,-0.20000000000000018,11,0.0,1.0,4.5,0,1,1,0,1,1,1,0.0,15,46,-0.4285714285714286,0,1,Blue,"Bechelor's degree (e.g. BA, BS)",Male,3.0,2.8,Blue,3.6,4.2,3.3333333333333335,left,35084922,1,0.7142857142857143,1,1,3.3333333333333335,3.8,Red,3.4,4.2,3.3333333333333335,right,0.2857142857142857,Cooking
88,4.444444444444445,-1.0,-0.7999999999999998,4.555555555555555,9,4.125,-1.0,16,-1.0,1.75,3.9,0,0,0,0,1,0,1,-1.0,11,30,0.4285714285714286,1,1,Blue,"Bechelor's degree (e.g. BA, BS)",Male,4.0,3.8,Blue,4.0,4.0,4.0,left,36242400,1,0.2857142857142857,1,1,3.0,3.0,Red,3.0,3.0,3.0,right,0.7142857142857143,Baking
89,4.888888888888889,0.0,-0.20000000000000018,5.0,7,5.0,0.5999999999999996,18,-0.6000000000000005,1.0,4.9,0,1,1,0,1,1,0,0.33333333333333304,10,36,-0.1428571428571428,1,0,Blue,"Bechelor's degree (e.g. BA, BS)",Male,4.0,4.4,Blue,3.2,4.4,4.0,left,36313729,1,0.5714285714285714,1,1,4.0,4.2,Red,3.8,3.8,4.333333333333333,right,0.4285714285714286,Cooking
90,2.888888888888889,0.0,0.7999999999999998,3.3333333333333335,10,3.0,0.8000000000000003,19,0.40000000000000036,3.25,3.3,0,0,0,0,0,0,0,0.3333333333333335,17,28,1.0,0,1,Red,"Master's degree (e.g. MA, MS, MEd)",Female,3.3333333333333335,3.0,Blue,2.8,2.8,2.6666666666666665,left,37186651,0,0.0,0,0,3.3333333333333335,3.8,Red,3.6,3.2,3.0,right,1.0,Cooking
91,4.333333333333333,-0.16666666666666696,-0.8000000000000003,5.0,15,2.125,0.19999999999999973,7,0.1999999999999993,4.125,4.4,0,1,1,0,1,0,0,0.0,10,44,0.14285714285714285,0,1,Red,"Some college, no degree",Female,3.3333333333333335,3.2,Blue,3.6,4.4,2.6666666666666665,left,45922746,0,0.42857142857142855,0,0,3.1666666666666665,2.4,Red,3.8,4.6,2.6666666666666665,right,0.5714285714285714,Cooking
92,4.888888888888889,0.0,0.0,4.888888888888889,12,2.375,-0.6000000000000001,11,0.0,2.125,3.4,0,1,1,0,1,1,0,-0.6666666666666665,12,57,-0.1428571428571428,1,0,Blue,High school degree or equivalent (e.g. GED),Female,2.1666666666666665,2.2,Blue,3.4,3.0,3.0,left,46828597,1,0.5714285714285714,1,1,2.1666666666666665,2.2,Red,2.8,3.0,2.3333333333333335,right,0.4285714285714286,Baking
93,5.0,0.0,0.0,5.0,15,5.0,0.5999999999999996,6,0.0,1.0,4.8,0,1,1,0,1,0,0,0.0,7,25,0.14285714285714285,0,0,Red,High school degree or equivalent (e.g. GED),Male,3.0,2.4,Blue,4.0,3.8,3.6666666666666665,left,52199301,0,0.42857142857142855,0,0,3.0,2.4,Red,4.6,3.8,3.6666666666666665,right,0.5714285714285714,Cooking
94,3.888888888888889,-0.3333333333333335,0.3999999999999999,3.4444444444444446,8,1.5,1.0,15,-0.40000000000000036,3.125,4.3,0,1,1,0,1,0,0,-0.6666666666666665,15,26,0.14285714285714285,1,0,Red,"Bechelor's degree (e.g. BA, BS)",Female,3.0,2.6,Blue,2.4,3.2,2.6666666666666665,left,60270728,1,0.42857142857142855,1,0,2.6666666666666665,3.0,Red,3.4,2.8,2.0,right,0.5714285714285714,Cooking
95,4.777777777777778,0.3333333333333335,0.39999999999999947,4.888888888888889,13,3.625,0.20000000000000018,10,0.0,4.375,4.8,1,0,0,1,0,0,0,0.0,16,52,0.4285714285714286,0,0,Red,High school degree or equivalent (e.g. GED),Male,3.8333333333333335,4.2,Blue,4.2,5.0,3.6666666666666665,left,63209192,0,0.2857142857142857,0,0,4.166666666666667,4.6,Red,4.4,5.0,3.6666666666666665,right,0.7142857142857143,Cooking
96,4.222222222222222,0.6666666666666665,0.19999999999999996,3.111111111111111,12,2.0,0.19999999999999973,10,-0.7999999999999998,1.0,3.6,1,1,1,1,0,0,0,-1.3333333333333335,15,53,-0.1428571428571428,0,0,Blue,High school degree or equivalent (e.g. GED),Male,2.8333333333333335,1.0,Blue,3.6,4.6,4.666666666666667,left,66484354,1,0.5714285714285714,1,1,3.5,1.2,Red,3.8,3.8,3.3333333333333335,right,0.4285714285714286,Cooking
97,4.222222222222222,0.0,0.0,5.0,12,2.875,0.0,9,0.0,1.25,3.8,0,0,0,1,0,1,0,0.0,13,39,0.4285714285714286,0,0,Red,"Associate degree (e.g. AA, AS)",Male,1.3333333333333333,1.4,Blue,3.0,3.0,4.333333333333333,left,66727178,0,0.2857142857142857,0,0,1.3333333333333333,1.4,Red,3.0,3.0,4.333333333333333,right,0.7142857142857143,Baking
98,3.888888888888889,-0.16666666666666652,-0.3999999999999999,2.6666666666666665,10,2.0,0.0,18,-0.3999999999999999,3.875,4.0,1,0,0,1,1,1,1,0.0,20,22,-0.4285714285714286,1,1,Blue,High school degree or equivalent (e.g. GED),Female,3.1666666666666665,2.6,Blue,4.0,3.8,3.3333333333333335,left,68069936,1,0.7142857142857143,1,1,3.0,2.2,Red,4.0,3.4,3.3333333333333335,right,0.2857142857142857,Cooking
99,3.6666666666666665,0.16666666666666652,-1.2000000000000002,2.6666666666666665,8,3.875,-0.7999999999999998,23,1.7999999999999998,2.75,3.0,0,0,1,0,0,0,0,-1.3333333333333333,11,27,0.7142857142857144,0,1,Red,"Bechelor's degree (e.g. BA, BS)",Male,2.8333333333333335,3.2,Blue,3.4,2.2,3.0,left,68632392,0,0.14285714285714285,0,0,3.0,2.0,Red,2.6,4.0,1.6666666666666667,right,0.8571428571428572,Baking
100,3.2222222222222223,-0.666666666666667,-0.3999999999999999,2.6666666666666665,7,1.75,-0.3999999999999999,17,0.6000000000000001,4.875,2.5,0,0,1,1,0,1,0,0.0,21,24,0.14285714285714285,0,1,Red,"Some college, no degree",Female,3.8333333333333335,3.8,Blue,3.8,2.0,3.6666666666666665,left,69013716,0,0.42857142857142855,1,0,3.1666666666666665,3.4,Red,3.4,2.6,3.6666666666666665,right,0.5714285714285714,Cooking
101,3.4444444444444446,0.0,-0.3999999999999999,4.222222222222222,11,1.875,0.5999999999999996,16,0.0,3.75,4.7,1,0,0,1,0,0,0,0.0,17,24,0.4285714285714286,0,1,Red,"Associate degree (e.g. AA, AS)",Female,2.3333333333333335,2.8,Blue,3.2,3.4,3.6666666666666665,left,70313800,0,0.2857142857142857,0,0,2.3333333333333335,2.4,Red,3.8,3.4,3.6666666666666665,right,0.7142857142857143,Cooking
102,4.0,0.0,0.7999999999999998,4.333333333333333,10,3.25,0.0,7,0.0,1.5,4.3,0,0,0,1,0,0,0,0.0,11,50,0.7142857142857144,1,1,Red,"Bechelor's degree (e.g. BA, BS)",Male,2.0,2.2,Blue,3.6,3.2,3.3333333333333335,left,70327997,0,0.14285714285714285,0,0,2.0,3.0,Red,3.6,3.2,3.3333333333333335,right,0.8571428571428572,Cooking
103,5.0,0.0,0.0,3.4444444444444446,10,4.125,0.0,10,0.0,1.0,4.7,0,0,1,1,1,1,1,0.0,21,31,-0.4285714285714286,1,1,Blue,"Some college, no degree",Female,2.0,1.2,Blue,3.2,2.8,3.3333333333333335,left,71371102,1,0.7142857142857143,0,1,2.0,1.2,Red,3.2,2.8,3.3333333333333335,right,0.2857142857142857,Baking
104,2.5555555555555554,0.0,-1.1999999999999997,4.666666666666667,11,4.25,-0.5999999999999996,7,0.0,1.0,4.7,1,1,1,0,1,1,0,0.0,16,31,-0.4285714285714286,1,1,Blue,"Bechelor's degree (e.g. BA, BS)",Male,4.166666666666667,3.8,Blue,5.0,5.0,3.6666666666666665,left,72655224,1,0.7142857142857143,1,1,4.166666666666667,2.6,Red,4.4,5.0,3.6666666666666665,right,0.2857142857142857,Cooking
105,4.0,0.0,0.0,4.222222222222222,12,3.125,0.0,11,0.0,4.125,3.2,0,0,0,1,0,0,1,0.0,10,44,0.4285714285714286,0,1,Blue,"Some college, no degree",Female,4.5,4.0,Blue,4.8,5.0,4.333333333333333,left,73592086,1,0.2857142857142857,0,1,4.5,4.0,Red,4.8,5.0,4.333333333333333,right,0.7142857142857143,Baking
106,3.111111111111111,0.0,0.0,3.0,6,1.5,0.0,18,0.0,3.125,4.8,1,1,1,0,1,0,0,0.0,19,49,-0.1428571428571428,1,1,Blue,"Bechelor's degree (e.g. BA, BS)",Female,2.1666666666666665,2.4,Blue,3.2,3.6,3.0,left,78224354,1,0.5714285714285714,1,1,2.1666666666666665,2.4,Red,3.2,3.6,3.0,right,0.4285714285714286,Cooking
107,3.111111111111111,0.16666666666666652,1.2000000000000002,2.888888888888889,11,3.25,0.0,17,0.3999999999999999,2.875,3.4,1,0,0,0,0,1,0,-0.33333333333333304,17,26,0.4285714285714286,0,1,Red,"Master's degree (e.g. MA, MS, MEd)",Male,2.8333333333333335,2.4,Blue,3.0,3.4,3.6666666666666665,left,85625600,0,0.2857142857142857,0,0,3.0,3.6,Red,3.0,3.8,3.3333333333333335,right,0.7142857142857143,Cooking
108,3.888888888888889,0.0,-0.19999999999999973,4.777777777777778,13,3.5,0.0,7,0.0,1.625,4.6,0,1,1,0,1,1,0,0.0,7,45,-0.1428571428571428,1,1,Blue,"Bechelor's degree (e.g. BA, BS)",Female,2.0,2.4,Blue,3.0,3.0,3.0,left,95464366,1,0.5714285714285714,1,1,2.0,2.2,Red,3.0,3.0,3.0,right,0.4285714285714286,Cooking
109,4.0,0.0,0.0,4.0,11,3.75,0.0,13,0.0,2.0,4.0,1,1,1,0,1,0,0,0.0,15,34,-0.1428571428571428,1,1,Blue,"Bechelor's degree (e.g. BA, BS)",Male,4.0,4.0,Blue,4.0,4.0,4.0,left,96627122,1,0.5714285714285714,1,1,4.0,4.0,Red,4.0,4.0,4.0,right,0.4285714285714286,Baking
110,4.222222222222222,-1.3333333333333335,-0.3999999999999999,3.3333333333333335,6,2.25,0.0,22,-0.3999999999999999,4.0,3.8,1,0,1,1,0,0,0,-1.333333333333333,16,27,0.14285714285714285,0,1,Blue,"Some college, no degree",Female,4.0,3.4,Blue,4.0,2.6,4.333333333333333,left,98649614,0,0.42857142857142855,1,1,2.6666666666666665,3.0,Red,4.0,2.2,3.0,right,0.5714285714285714,Cooking
0,3.111111111111111,0.5,0.40000000000000036,4.222222222222222,9,3.25,0.0,9,0.19999999999999973,2.625,3.7,1,0,1,0,0,0,0,-0.6666666666666665,12,65,0.4285714285714286,0,0,Red,"Some college, no degree",Male,2.5,2.8,Blue,3.4,3.6,3.0,right,12171301,1,0.2857142857142857,1,0,3.0,3.2,Red,3.4,3.8,2.3333333333333335,left,0.7142857142857143,Cooking
1,3.0,0.16666666666666674,0.8000000000000003,2.6666666666666665,10,1.875,1.0,12,0.0,2.5,3.7,0,0,1,0,0,0,0,0.0,13,31,0.7142857142857144,0,0,Red,"Some college, no degree",Male,1.5,1.4,Blue,2.4,3.0,3.0,right,15741254,0,0.14285714285714285,0,0,1.6666666666666667,2.2,Red,3.4,3.0,3.0,left,0.8571428571428572,Cooking
2,4.333333333333333,0.5,1.2,5.0,5,4.375,1.6,14,1.6,2.25,3.1,0,0,1,0,0,0,0,0.33333333333333304,18,58,0.7142857142857144,0,0,Red,"Associate degree (e.g. AA, AS)",Female,3.0,1.8,Blue,3.4,3.4,3.3333333333333335,right,17210807,0,0.14285714285714285,0,0,3.5,3.0,Red,5.0,5.0,3.6666666666666665,left,0.8571428571428572,Cooking
3,4.222222222222222,0.0,0.7999999999999998,4.222222222222222,12,3.75,0.7999999999999998,13,0.20000000000000018,1.625,3.0,0,0,0,1,0,0,0,0.0,10,55,0.7142857142857144,0,0,Red,High school degree or equivalent (e.g. GED),Female,3.6666666666666665,3.2,Blue,3.2,3.8,3.3333333333333335,right,19944423,0,0.14285714285714285,0,0,3.6666666666666665,4.0,Red,4.0,4.0,3.3333333333333335,left,0.8571428571428572,Cooking
4,3.6666666666666665,0.0,0.19999999999999996,4.888888888888889,3,3.875,0.5999999999999999,23,0.0,2.375,2.7,0,0,1,1,0,0,0,0.0,20,43,0.4285714285714286,0,0,Red,"Bechelor's degree (e.g. BA, BS)",Female,1.3333333333333333,1.0,Blue,1.8,1.0,3.6666666666666665,right,22073863,0,0.2857142857142857,0,0,1.3333333333333333,1.2,Red,2.4,1.0,3.6666666666666665,left,0.7142857142857143,Cooking
5,4.333333333333333,0.0,0.0,4.666666666666667,12,3.625,0.0,11,0.0,1.75,4.0,0,0,1,1,0,0,0,0.0,11,53,0.4285714285714286,0,0,Red,"Associate degree (e.g. AA, AS)",Female,3.8333333333333335,3.4,Blue,3.6,4.0,3.6666666666666665,right,24109583,0,0.2857142857142857,0,0,3.8333333333333335,3.4,Red,3.6,4.0,3.6666666666666665,left,0.7142857142857143,Cooking
6,3.3333333333333335,-0.16666666666666652,0.0,3.7777777777777777,8,1.25,0.20000000000000018,13,0.0,1.75,2.8,1,1,0,0,0,1,0,0.0,14,38,0.14285714285714285,1,0,Blue,High school degree or equivalent (e.g. GED),Female,2.6666666666666665,2.6,Blue,4.0,4.6,3.6666666666666665,right,29591556,1,0.42857142857142855,0,1,2.5,2.6,Red,4.2,4.6,3.6666666666666665,left,0.5714285714285714,Cooking
7,4.888888888888889,1.0,2.6,4.777777777777778,13,3.0,0.7999999999999998,9,0.19999999999999973,2.625,4.2,1,0,1,0,0,0,0,0.0,13,33,0.4285714285714286,0,1,Red,High school degree or equivalent (e.g. GED),Female,2.3333333333333335,1.6,Blue,3.8,3.6,4.333333333333333,right,32235274,0,0.2857142857142857,0,0,3.3333333333333335,4.2,Red,4.6,3.8,4.333333333333333,left,0.7142857142857143,Cooking
8,4.777777777777778,-0.16666666666666652,0.3999999999999999,4.777777777777778,10,2.125,0.0,11,0.0,1.125,3.2,0,1,1,0,0,1,0,0.0,14,52,0.14285714285714285,0,0,Red,"Some college, no degree",Female,2.1666666666666665,2.0,Blue,2.6,3.2,3.6666666666666665,right,32627293,0,0.42857142857142855,0,0,2.0,2.4,Red,2.6,3.2,3.6666666666666665,left,0.5714285714285714,Cooking
9,3.5555555555555554,0.0,0.0,3.888888888888889,10,3.125,0.0,13,0.0,2.5,3.3,0,0,0,0,0,0,0,0.0,12,41,1.0,0,0,Red,"Some college, no degree",Female,1.0,1.8,Blue,3.0,2.6,4.0,right,40697619,0,0.0,0,0,1.0,1.8,Red,3.0,2.6,4.0,left,1.0,Cooking
10,2.3333333333333335,-0.16666666666666696,-0.3999999999999999,2.5555555555555554,9,2.5,0.0,16,-0.8000000000000003,3.5,3.3,0,0,0,0,0,1,0,0.0,15,42,0.7142857142857144,1,1,Blue,"Bechelor's degree (e.g. BA, BS)",Male,2.8333333333333335,3.6,Blue,3.8,3.6,3.3333333333333335,right,40766661,0,0.14285714285714285,0,1,2.6666666666666665,3.2,Red,3.8,2.8,3.3333333333333335,left,0.8571428571428572,Baking
11,2.888888888888889,-0.16666666666666696,-0.19999999999999973,4.222222222222222,8,1.875,0.0,13,-0.20000000000000018,2.0,3.6,0,1,1,1,0,0,0,0.0,14,35,0.14285714285714285,0,1,Red,High school degree or equivalent (e.g. GED),Male,2.8333333333333335,2.4,Blue,3.2,3.2,4.0,right,51172172,0,0.42857142857142855,1,0,2.6666666666666665,2.2,Red,3.2,3.0,4.0,left,0.5714285714285714,Cooking
12,3.888888888888889,1.6666666666666665,1.5999999999999996,4.555555555555555,10,1.125,0.0,14,1.0,4.0,3.5,0,0,1,0,0,0,0,1.3333333333333335,12,47,0.7142857142857144,0,0,Red,"Bechelor's degree (e.g. BA, BS)",Male,2.3333333333333335,2.2,Blue,3.0,3.0,2.0,right,51499727,0,0.14285714285714285,0,0,4.0,3.8,Red,3.0,4.0,3.3333333333333335,left,0.8571428571428572,Baking
13,3.4444444444444446,0.0,-0.3999999999999999,2.888888888888889,5,2.125,-0.6000000000000001,21,0.0,2.5,2.0,0,1,1,1,0,1,1,0.0,24,29,-0.4285714285714286,1,1,Blue,"Bechelor's degree (e.g. BA, BS)",Male,1.6666666666666667,2.0,Blue,2.6,2.2,2.6666666666666665,right,52869933,1,0.7142857142857143,1,1,1.6666666666666667,1.6,Red,2.0,2.2,2.6666666666666665,left,0.2857142857142857,Cooking
14,4.111111111111111,0.5,-0.8000000000000003,4.444444444444445,9,1.0,1.8000000000000003,9,-1.2000000000000002,3.75,3.6,0,0,1,0,0,1,0,0.6666666666666665,12,36,0.4285714285714286,0,1,Red,"Bechelor's degree (e.g. BA, BS)",Male,2.5,3.2,Blue,2.4,3.6,2.3333333333333335,right,57810958,0,0.2857142857142857,0,0,3.0,2.4,Red,4.2,2.4,3.0,left,0.7142857142857143,Cooking
15,3.3333333333333335,0.5,1.0,3.4444444444444446,15,1.25,-0.7999999999999998,12,1.2000000000000002,4.5,4.1,1,1,1,0,0,0,0,-1.0,11,26,0.14285714285714285,1,0,Red,"Some college, no degree",Male,2.8333333333333335,3.0,Blue,5.0,3.0,3.6666666666666665,right,60944512,1,0.42857142857142855,0,0,3.3333333333333335,4.0,Red,4.2,4.2,2.6666666666666665,left,0.5714285714285714,Cooking
16,3.888888888888889,0.0,0.20000000000000018,4.111111111111111,12,1.375,0.0,7,0.0,2.0,3.9,0,1,0,1,0,0,0,0.0,9,50,0.4285714285714286,0,1,Red,"Bechelor's degree (e.g. BA, BS)",Male,3.3333333333333335,3.4,Blue,4.0,3.6,3.6666666666666665,right,71931548,0,0.2857142857142857,1,0,3.3333333333333335,3.6,Red,4.0,3.6,3.6666666666666665,left,0.7142857142857143,Cooking
17,4.0,0.16666666666666652,1.0,3.0,11,1.625,1.0,15,0.0,4.625,4.0,0,0,1,1,0,0,0,0.0,11,26,0.4285714285714286,0,0,Red,"Some college, no degree",Female,2.8333333333333335,2.0,Blue,3.0,3.8,3.3333333333333335,right,72538009,0,0.2857142857142857,0,0,3.0,3.0,Red,4.0,3.8,3.3333333333333335,left,0.7142857142857143,Cooking
18,4.888888888888889,0.0,-0.19999999999999973,4.888888888888889,12,3.625,0.3999999999999999,9,0.0,1.0,3.6,1,1,0,0,1,0,0,0.0,16,41,0.14285714285714285,0,0,Red,"Bechelor's degree (e.g. BA, BS)",Male,2.3333333333333335,2.4,Blue,3.4,3.8,4.666666666666667,right,76424685,0,0.42857142857142855,0,0,2.3333333333333335,2.2,Red,3.8,3.8,4.666666666666667,left,0.5714285714285714,Cooking
19,5.0,0.16666666666666696,0.5999999999999996,5.0,14,2.75,0.0,6,0.0,1.125,5.0,0,0,0,0,0,0,0,0.0,5,A43,1.0,0,1,Red,"Bechelor's degree (e.g. BA, BS)",Female,4.833333333333333,4.4,Blue,5.0,5.0,5.0,right,76621106,0,0.0,0,0,5.0,5.0,Red,5.0,5.0,5.0,left,1.0,Baking
20,4.555555555555555,0.6666666666666665,1.9999999999999998,4.333333333333333,7,4.25,1.4,19,0.20000000000000018,1.875,3.8,0,0,1,0,0,0,0,0.3333333333333335,21,54,0.7142857142857144,0,1,Red,High school degree or equivalent (e.g. GED),Female,2.5,1.8,Blue,2.4,3.4,2.6666666666666665,right,77636083,0,0.14285714285714285,0,0,3.1666666666666665,3.8,Red,3.8,3.6,3.0,left,0.8571428571428572,Cooking
21,4.333333333333333,-0.33333333333333304,0.20000000000000018,4.777777777777778,4,2.75,0.20000000000000018,21,-0.20000000000000018,2.375,3.4,1,1,0,0,0,1,0,-0.33333333333333304,21,54,0.14285714285714285,0,1,Blue,"Bechelor's degree (e.g. BA, BS)",Female,3.1666666666666665,3.0,Blue,2.8,3.0,3.6666666666666665,right,77878458,1,0.42857142857142855,1,1,2.8333333333333335,3.2,Red,3.0,2.8,3.3333333333333335,left,0.5714285714285714,Cooking
22,2.4444444444444446,0.0,0.0,2.111111111111111,11,2.125,0.0,15,0.0,4.625,3.3,0,0,1,1,0,0,1,0.0,14,67,0.14285714285714285,0,0,Red,"Associate degree (e.g. AA, AS)",Female,2.8333333333333335,2.0,Blue,3.8,3.6,3.0,right,81505354,0,0.42857142857142855,0,0,2.8333333333333335,2.0,Red,3.8,3.6,3.0,left,0.5714285714285714,Baking
23,3.111111111111111,0.16666666666666696,-0.20000000000000018,3.7777777777777777,11,1.0,2.1999999999999997,14,-0.20000000000000018,4.125,4.2,0,0,1,0,0,0,0,-0.6666666666666665,19,27,0.7142857142857144,0,0,Red,"Bechelor's degree (e.g. BA, BS)",Female,3.6666666666666665,3.6,Blue,2.6,4.2,3.6666666666666665,right,84244264,0,0.14285714285714285,0,0,3.8333333333333335,3.4,Red,4.8,4.0,3.0,left,0.8571428571428572,Cooking
24,4.111111111111111,0.0,0.0,3.6666666666666665,12,2.25,0.0,9,0.0,2.5,4.0,0,0,1,0,0,1,0,0.0,16,50,0.4285714285714286,0,0,Red,"Some college, no degree",Male,2.1666666666666665,1.6,Blue,3.6,3.6,3.0,right,84381386,0,0.2857142857142857,0,0,2.1666666666666665,1.6,Red,3.6,3.6,3.0,left,0.7142857142857143,Cooking
25,3.888888888888889,-1.666666666666667,-1.8,4.222222222222222,10,4.125,-1.4,13,-0.6000000000000001,2.75,4.4,0,0,1,1,0,0,1,-0.33333333333333304,18,41,0.14285714285714285,0,1,Blue,"Bechelor's degree (e.g. BA, BS)",Female,3.8333333333333335,3.6,Blue,4.0,3.4,2.6666666666666665,right,86132637,0,0.42857142857142855,1,1,2.1666666666666665,1.8,Red,2.6,2.8,2.3333333333333335,left,0.5714285714285714,Cooking
26,2.4444444444444446,0.0,2.0,4.666666666666667,8,3.5,1.4000000000000004,11,0.19999999999999973,2.875,3.5,0,0,0,0,0,0,0,0.0,17,44,1.0,0,0,Red,"Bechelor's degree (e.g. BA, BS)",Male,2.6666666666666665,2.0,Blue,3.0,3.6,3.3333333333333335,right,92729580,0,0.0,0,0,2.6666666666666665,4.0,Red,4.4,3.8,3.3333333333333335,left,1.0,Cooking
27,3.7777777777777777,0.16666666666666652,0.20000000000000018,4.222222222222222,6,2.0,2.2,20,0.0,2.5,2.1,0,0,1,1,0,0,0,0.0,19,35,0.4285714285714286,0,0,Red,High school degree or equivalent (e.g. GED),Male,3.8333333333333335,3.8,Blue,2.8,4.0,4.333333333333333,right,94359058,0,0.2857142857142857,0,0,4.0,4.0,Red,5.0,4.0,4.333333333333333,left,0.7142857142857143,Cooking
28,3.6666666666666665,0.0,0.20000000000000018,4.333333333333333,9,4.25,0.20000000000000018,10,0.0,2.125,4.1,0,0,1,0,0,1,0,0.0,13,63,0.4285714285714286,0,0,Red,"Some college, no degree",Male,2.5,2.8,Blue,3.4,3.8,3.0,right,95210998,0,0.2857142857142857,0,0,2.5,3.0,Red,3.6,3.8,3.0,left,0.7142857142857143,Cooking
29,5.0,0.0,0.6000000000000001,5.0,12,3.125,0.20000000000000018,12,0.0,1.0,3.7,1,0,1,0,0,0,0,0.0,10,31,0.4285714285714286,0,0,Red,"Bechelor's degree (e.g. BA, BS)",Male,4.166666666666667,3.4,Blue,3.8,4.0,3.6666666666666665,right,98147554,0,0.2857142857142857,0,0,4.166666666666667,4.0,Red,4.0,4.0,3.6666666666666665,left,0.7142857142857143,Cooking
30,2.4444444444444446,0.3333333333333335,1.4,4.333333333333333,6,4.25,-1.6,16,-0.7999999999999998,1.875,3.0,1,1,1,1,1,0,0,1.333333333333333,17,42,-0.4285714285714286,1,1,Red,"Some college, no degree",Female,3.5,2.2,Red,4.2,4.6,3.0,left,13730315,1,0.7142857142857143,1,1,3.8333333333333335,3.6,Blue,2.6,3.8,4.333333333333333,right,0.2857142857142857,Cooking
31,2.888888888888889,0.666666666666667,-0.19999999999999973,3.4444444444444446,9,3.5,-0.19999999999999973,20,0.0,2.5,3.1,0,0,1,1,1,1,0,0.3333333333333335,18,25,-0.1428571428571428,0,1,Blue,"Associate degree (e.g. AA, AS)",Female,2.6666666666666665,2.8,Red,2.4,2.6,3.0,left,19906502,1,0.5714285714285714,0,0,3.3333333333333335,2.6,Blue,2.2,2.6,3.3333333333333335,right,0.4285714285714286,Baking
32,4.333333333333333,0.6666666666666665,0.6000000000000001,3.7777777777777777,10,4.5,1.4000000000000004,9,0.40000000000000036,1.75,3.9,0,0,1,0,0,0,0,1.3333333333333335,16,55,0.7142857142857144,0,1,Blue,"Associate degree (e.g. AA, AS)",Female,3.0,2.8,Red,3.0,4.0,2.0,left,20362426,0,0.14285714285714285,0,0,3.6666666666666665,3.4,Blue,4.4,4.4,3.3333333333333335,right,0.8571428571428572,Cooking
33,4.555555555555555,0.16666666666666652,-0.20000000000000018,4.555555555555555,12,3.0,0.0,9,0.0,1.375,3.3,1,1,0,1,0,0,1,0.0,12,36,-0.1428571428571428,1,0,Red,"Associate degree (e.g. AA, AS)",Female,3.3333333333333335,3.2,Red,3.4,5.0,3.3333333333333335,left,22811469,1,0.5714285714285714,1,1,3.5,3.0,Blue,3.4,5.0,3.3333333333333335,right,0.4285714285714286,Cooking
34,2.888888888888889,1.0,1.4,3.7777777777777777,8,3.0,0.0,15,0.6000000000000001,3.125,4.0,0,0,0,1,0,1,0,1.6666666666666665,13,27,0.4285714285714286,0,1,Blue,"Some college, no degree",Female,2.3333333333333335,2.2,Red,3.8,3.0,2.3333333333333335,left,23607634,0,0.2857142857142857,0,0,3.3333333333333335,3.6,Blue,3.8,3.6,4.0,right,0.7142857142857143,Cooking
35,4.444444444444445,1.0,1.0,4.777777777777778,15,4.5,1.0,8,1.0,1.75,3.7,0,0,0,1,0,0,0,1.0,8,29,0.7142857142857144,0,0,Blue,"Some college, no degree",Female,1.0,1.0,Red,1.0,1.0,1.0,left,24981975,0,0.14285714285714285,0,0,2.0,2.0,Blue,2.0,2.0,2.0,right,0.8571428571428572,Baking
36,3.5555555555555554,0.6666666666666665,0.8000000000000003,3.7777777777777777,8,2.25,2.2,8,0.0,2.625,3.8,0,0,0,1,0,0,0,0.0,13,28,0.7142857142857144,0,0,Blue,"Master's degree (e.g. MA, MS, MEd)",Female,3.0,2.8,Red,2.0,4.0,3.6666666666666665,left,27370333,0,0.14285714285714285,0,0,3.6666666666666665,3.6,Blue,4.2,4.0,3.6666666666666665,right,0.8571428571428572,Cooking
37,3.3333333333333335,0.0,-0.19999999999999973,2.888888888888889,9,1.875,0.6000000000000001,12,0.0,3.375,4.3,0,0,0,1,0,0,0,0.0,17,47,0.7142857142857144,0,1,Blue,"Doctorate (e.g. PhD, EdD)",Male,3.3333333333333335,2.8,Red,3.0,3.6,2.6666666666666665,left,40243867,0,0.14285714285714285,0,0,3.3333333333333335,2.6,Blue,3.6,3.6,2.6666666666666665,right,0.8571428571428572,Cooking
38,2.4444444444444446,0.0,0.3999999999999999,3.4444444444444446,6,2.0,0.0,14,0.0,2.125,3.3,0,0,0,1,0,0,0,0.0,17,36,0.7142857142857144,0,0,Blue,"Some college, no degree",Female,2.0,1.0,Red,2.0,2.0,3.6666666666666665,left,43705451,0,0.14285714285714285,0,0,2.0,1.4,Blue,2.0,2.0,3.6666666666666665,right,0.8571428571428572,Cooking
39,2.888888888888889,0.16666666666666652,0.0,3.888888888888889,8,1.375,0.0,21,0.0,4.875,3.6,0,0,0,0,1,0,1,0.0,19,34,0.4285714285714286,0,1,Blue,"Bechelor's degree (e.g. BA, BS)",Female,3.0,2.0,Red,3.8,3.8,3.3333333333333335,left,46337981,0,0.2857142857142857,0,0,3.1666666666666665,2.0,Blue,3.8,3.8,3.3333333333333335,right,0.7142857142857143,Cooking
40,4.555555555555555,0.0,0.20000000000000018,4.666666666666667,9,4.375,1.0,16,0.20000000000000018,1.625,3.4,0,0,0,1,0,0,0,0.0,19,59,0.7142857142857144,0,0,Blue,High school degree or equivalent (e.g. GED),Male,2.8333333333333335,2.8,Red,3.2,4.8,3.3333333333333335,left,49900990,0,0.14285714285714285,0,0,2.8333333333333335,3.0,Blue,4.2,5.0,3.3333333333333335,right,0.8571428571428572,Cooking
41,2.5555555555555554,0.0,0.20000000000000018,3.7777777777777777,8,1.0,1.0,15,0.20000000000000018,3.875,2.2,0,0,0,0,0,0,1,0.0,16,32,0.7142857142857144,0,1,Blue,"Bechelor's degree (e.g. BA, BS)",Male,2.5,2.4,Red,2.2,3.8,3.3333333333333335,left,55954556,0,0.14285714285714285,0,0,2.5,2.6,Blue,3.2,4.0,3.3333333333333335,right,0.8571428571428572,Cooking
42,3.888888888888889,2.1666666666666665,2.1999999999999997,5.0,6,4.625,2.3999999999999995,11,1.2000000000000002,1.875,3.0,1,0,0,0,1,0,0,1.333333333333333,12,29,0.4285714285714286,0,1,Blue,"Bechelor's degree (e.g. BA, BS)",Female,2.6666666666666665,2.6,Red,2.2,3.8,2.3333333333333335,left,58370964,0,0.2857142857142857,1,0,4.833333333333333,4.8,Blue,4.6,5.0,3.6666666666666665,right,0.7142857142857143,Baking
43,3.111111111111111,0.33333333333333304,0.20000000000000018,4.333333333333333,10,1.875,0.19999999999999973,10,1.1999999999999997,3.125,3.4,0,0,1,1,0,0,0,0.0,8,37,0.4285714285714286,0,0,Blue,"Some college, no degree",Male,2.3333333333333335,2.8,Red,3.2,2.6,1.6666666666666667,left,58615803,0,0.2857142857142857,0,0,2.6666666666666665,3.0,Blue,3.4,3.8,1.6666666666666667,right,0.7142857142857143,Cooking
44,2.4444444444444446,0.0,0.6000000000000001,3.0,8,3.625,2.2,15,0.0,2.5,4.6,1,0,0,0,0,0,0,1.0,14,23,0.7142857142857144,0,1,Blue,"Bechelor's degree (e.g. BA, BS)",Male,2.8333333333333335,2.6,Red,2.2,3.8,2.6666666666666665,left,60387666,0,0.14285714285714285,0,0,2.8333333333333335,3.2,Blue,4.4,3.8,3.6666666666666665,right,0.8571428571428572,Cooking
45,3.5555555555555554,1.5,1.5999999999999999,3.7777777777777777,9,2.875,1.2000000000000002,16,1.0,2.125,3.2,1,0,0,1,1,0,0,1.0,16,28,0.14285714285714285,0,1,Blue,High school degree or equivalent (e.g. GED),Male,2.1666666666666665,1.8,Red,2.4,2.2,2.0,left,61512389,0,0.42857142857142855,0,0,3.6666666666666665,3.4,Blue,3.6,3.2,3.0,right,0.5714285714285714,Cooking
46,3.7777777777777777,0.3333333333333335,0.6000000000000001,3.7777777777777777,13,1.0,-1.4,8,1.0,1.75,4.2,1,0,0,1,0,0,1,1.0,11,32,0.14285714285714285,1,1,Red,"Some college, no degree",Male,2.1666666666666665,2.8,Red,4.0,3.0,3.0,left,63463136,1,0.42857142857142855,0,1,2.5,3.4,Blue,2.6,4.0,4.0,right,0.5714285714285714,Cooking
47,2.888888888888889,0.3333333333333335,1.2000000000000002,2.7777777777777777,12,3.375,0.19999999999999973,23,1.9999999999999996,3.0,3.5,0,1,0,1,0,0,0,0.6666666666666665,21,29,0.4285714285714286,0,1,Blue,"Bechelor's degree (e.g. BA, BS)",Female,3.6666666666666665,2.8,Red,3.2,2.6,3.3333333333333335,left,63571050,0,0.2857142857142857,0,0,4.0,4.0,Blue,3.4,4.6,4.0,right,0.7142857142857143,Cooking
48,2.7777777777777777,1.5,1.6,4.444444444444445,7,2.125,0.20000000000000018,16,0.7999999999999998,2.25,3.8,1,1,1,1,1,0,0,0.3333333333333335,15,55,-0.4285714285714286,1,0,Blue,"Some college, no degree",Male,2.3333333333333335,2.0,Red,2.8,3.2,3.0,left,63702459,1,0.7142857142857143,0,0,3.8333333333333335,3.6,Blue,3.0,4.0,3.3333333333333335,right,0.2857142857142857,Cooking
49,3.888888888888889,0.0,0.0,3.7777777777777777,15,2.25,0.0,8,0.0,1.75,3.2,0,0,0,0,0,0,0,0.0,7,28,1.0,0,0,Blue,"Bechelor's degree (e.g. BA, BS)",Male,2.6666666666666665,2.0,Red,4.0,4.0,3.6666666666666665,left,68606613,0,0.0,0,0,2.6666666666666665,2.0,Blue,4.0,4.0,3.6666666666666665,right,1.0,Baking
50,3.888888888888889,2.166666666666667,1.9999999999999996,2.888888888888889,6,3.0,2.1999999999999997,24,2.1999999999999997,3.375,3.7,0,0,0,0,0,0,0,2.0,21,22,1.0,0,0,Blue,High school degree or equivalent (e.g. GED),Male,2.5,2.6,Red,2.4,2.4,3.0,left,77535468,0,0.0,0,0,4.666666666666667,4.6,Blue,4.6,4.6,5.0,right,1.0,Cooking
51,3.111111111111111,0.0,0.0,3.888888888888889,4,1.25,0.6000000000000001,17,0.0,2.25,1.2,1,1,0,1,0,0,0,0.0,22,40,0.14285714285714285,0,0,Blue,"Bechelor's degree (e.g. BA, BS)",Female,2.1666666666666665,1.2,Red,1.6,2.8,3.6666666666666665,left,78170450,0,0.42857142857142855,0,0,2.1666666666666665,1.2,Blue,2.2,2.8,3.6666666666666665,right,0.5714285714285714,Cooking
52,2.7777777777777777,0.0,0.0,4.666666666666667,10,4.375,-1.0,12,0.0,1.875,3.4,0,1,0,0,0,0,0,0.0,10,42,0.7142857142857144,0,1,Blue,"Bechelor's degree (e.g. BA, BS)",Female,3.0,1.8,Red,4.2,4.2,4.0,left,82088064,0,0.14285714285714285,0,0,3.0,1.8,Blue,3.2,4.2,4.0,right,0.8571428571428572,Cooking
53,4.888888888888889,0.0,0.0,5.0,8,2.25,1.0,9,0.8000000000000003,1.0,4.9,0,0,0,0,0,0,0,0.0,12,29,1.0,0,0,Blue,High school degree or equivalent (e.g. GED),Male,2.5,1.4,Red,3.2,2.8,3.0,left,85356738,0,0.0,0,0,2.5,1.4,Blue,4.2,3.6,3.0,right,1.0,Cooking
54,3.0,-0.8333333333333335,-0.6000000000000001,2.7777777777777777,7,2.875,0.19999999999999973,19,-0.3999999999999999,3.375,2.6,0,0,0,1,0,1,1,0.666666666666667,20,27,0.14285714285714285,0,1,Blue,"Bechelor's degree (e.g. BA, BS)",Male,3.5,3.4,Red,3.2,3.4,2.6666666666666665,left,89631680,0,0.42857142857142855,1,0,2.6666666666666665,2.8,Blue,3.4,3.0,3.3333333333333335,right,0.5714285714285714,Cooking
55,3.4444444444444446,0.0,0.3999999999999999,3.0,11,2.75,0.0,14,0.20000000000000018,4.5,3.9,0,0,0,0,0,0,0,0.0,12,25,1.0,0,0,Blue,High school degree or equivalent (e.g. GED),Male,2.8333333333333335,2.0,Red,3.0,3.0,3.0,left,91497886,0,0.0,0,0,2.8333333333333335,2.4,Blue,3.0,3.2,3.0,right,1.0,Cooking
56,4.444444444444445,-1.0,-0.6000000000000001,4.333333333333333,8,2.25,3.6,13,-0.3999999999999999,4.5,4.7,0,0,0,1,1,0,0,0.666666666666667,20,35,0.4285714285714286,0,1,Blue,"Master's degree (e.g. MA, MS, MEd)",Female,4.0,3.6,Red,1.4,3.8,2.6666666666666665,left,92509633,0,0.2857142857142857,0,0,3.0,3.0,Blue,5.0,3.4,3.3333333333333335,right,0.7142857142857143,Baking
57,4.777777777777778,0.3333333333333335,0.6000000000000001,4.888888888888889,11,3.625,0.3999999999999999,9,0.3999999999999999,1.75,4.8,1,1,0,0,0,1,0,0.0,9,47,0.14285714285714285,0,0,Blue,"Associate degree (e.g. AA, AS)",Male,2.5,2.6,Red,3.4,3.6,4.333333333333333,left,96326690,0,0.42857142857142855,0,0,2.8333333333333335,3.2,Blue,3.8,4.0,4.333333333333333,right,0.5714285714285714,Cooking
58,4.666666666666667,0.0,0.0,4.444444444444445,8,4.0,1.7999999999999998,21,0.0,3.25,4.2,0,0,0,0,0,0,0,0.0,23,30,1.0,0,0,Blue,"Bechelor's degree (e.g. BA, BS)",Female,1.0,1.0,Red,2.0,2.6,3.6666666666666665,left,97488914,0,0.0,0,0,1.0,1.0,Blue,3.8,2.6,3.6666666666666665,right,1.0,Cooking
59,2.6666666666666665,0.0,0.8,3.888888888888889,3,1.125,-0.40000000000000013,23,0.0,5.0,1.1,1,1,0,1,0,1,1,0.0,15,28,-0.4285714285714286,0,0,Red,"Bechelor's degree (e.g. BA, BS)",Female,2.1666666666666665,1.0,Red,1.8,2.8,3.0,right,15970385,1,0.7142857142857143,1,1,2.1666666666666665,1.8,Blue,1.4,2.8,3.0,left,0.2857142857142857,Cooking
60,3.0,0.16666666666666696,0.19999999999999973,3.4444444444444446,11,3.0,-0.3999999999999999,25,-0.20000000000000018,3.125,3.2,1,1,0,0,1,1,1,1.333333333333333,20,30,-0.4285714285714286,1,1,Red,"Bechelor's degree (e.g. BA, BS)",Male,3.6666666666666665,3.6,Red,3.8,3.6,3.0,right,25480960,1,0.7142857142857143,0,1,3.8333333333333335,3.8,Blue,3.4,3.4,4.333333333333333,left,0.2857142857142857,Baking
61,3.3333333333333335,-0.16666666666666696,-0.8000000000000003,4.0,6,2.0,0.19999999999999973,22,-0.20000000000000018,3.25,3.4,0,0,0,1,0,0,0,-0.666666666666667,19,33,0.7142857142857144,0,1,Blue,"Associate degree (e.g. AA, AS)",Female,2.8333333333333335,3.2,Red,3.2,3.2,3.3333333333333335,right,25851965,0,0.14285714285714285,0,0,2.6666666666666665,2.4,Blue,3.4,3.0,2.6666666666666665,left,0.8571428571428572,Cooking
62,3.7777777777777777,0.0,0.0,3.888888888888889,11,2.25,1.0,10,0.19999999999999973,2.25,4.1,0,0,0,1,0,0,0,0.0,11,24,0.7142857142857144,0,0,Blue,"Bechelor's degree (e.g. BA, BS)",Female,3.0,2.8,Red,3.0,3.2,3.3333333333333335,right,34560461,0,0.14285714285714285,0,0,3.0,2.8,Blue,4.0,3.4,3.3333333333333335,left,0.8571428571428572,Cooking
63,3.7777777777777777,0.0,0.0,4.555555555555555,11,3.0,0.0,9,0.0,1.375,4.2,0,0,0,0,0,0,0,0.0,16,38,1.0,0,0,Blue,"Associate degree (e.g. AA, AS)",Female,2.5,2.0,Red,3.4,3.2,3.3333333333333335,right,41277042,0,0.0,0,0,2.5,2.0,Blue,3.4,3.2,3.3333333333333335,left,1.0,Cooking
64,4.333333333333333,-0.5000000000000002,-0.6000000000000001,2.5555555555555554,8,1.25,2.5999999999999996,14,-0.20000000000000018,4.5,4.3,0,0,0,0,0,1,0,0.6666666666666665,15,24,0.7142857142857144,0,0,Blue,"Bechelor's degree (e.g. BA, BS)",Female,2.3333333333333335,2.6,Red,2.2,3.2,3.0,right,41421067,0,0.14285714285714285,0,0,1.8333333333333333,2.0,Blue,4.8,3.0,3.6666666666666665,left,0.8571428571428572,Cooking
65,3.111111111111111,0.0,0.0,2.7777777777777777,8,2.0,1.0,15,0.0,2.125,2.4,1,0,0,0,0,0,0,0.0,12,34,0.7142857142857144,0,0,Red,High school degree or equivalent (e.g. GED),Male,2.0,1.4,Red,2.4,3.2,3.6666666666666665,right,50278450,0,0.14285714285714285,0,1,2.0,1.4,Blue,3.4,3.2,3.6666666666666665,left,0.8571428571428572,Cooking
66,4.777777777777778,0.5,1.4,4.888888888888889,8,3.875,1.6,7,1.0,1.0,4.7,0,0,0,0,0,0,0,1.0,18,62,1.0,0,0,Blue,"Some college, no degree",Male,3.5,2.2,Red,2.4,3.0,2.6666666666666665,right,50377505,0,0.0,0,0,4.0,3.6,Blue,4.0,4.0,3.6666666666666665,left,1.0,Cooking
67,4.222222222222222,0.8333333333333335,1.2,3.888888888888889,5,1.75,0.0,11,1.4,3.125,4.1,0,1,0,1,0,0,1,0.3333333333333335,20,34,0.14285714285714285,1,0,Blue,"Some college, no degree",Female,2.5,1.8,Red,3.0,2.2,2.6666666666666665,right,52649289,1,0.42857142857142855,0,0,3.3333333333333335,3.0,Blue,3.0,3.6,3.0,left,0.5714285714285714,Cooking
68,2.3333333333333335,0.16666666666666652,-0.8,4.666666666666667,3,2.375,0.0,17,0.0,1.0,3.6,1,1,1,1,0,0,0,0.0,25,26,-0.1428571428571428,0,0,Blue,"Bechelor's degree (e.g. BA, BS)",Male,2.3333333333333335,1.8,Red,4.0,2.6,3.0,right,53278866,0,0.5714285714285714,0,0,2.5,1.0,Blue,4.0,2.6,3.0,left,0.4285714285714286,Cooking
69,3.0,0.0,0.0,4.555555555555555,5,2.5,0.0,10,0.20000000000000018,2.75,3.8,0,0,0,0,0,0,0,0.0,19,27,1.0,0,0,Blue,"Bechelor's degree (e.g. BA, BS)",Male,1.8333333333333333,1.0,Red,2.6,2.4,2.0,right,54568432,0,0.0,0,0,1.8333333333333333,1.0,Blue,2.6,2.6,2.0,left,1.0,Baking
70,3.3333333333333335,1.1666666666666665,2.4,4.333333333333333,8,3.125,1.5999999999999999,23,1.4000000000000004,3.125,3.8,0,0,0,0,1,1,0,0.6666666666666665,23,29,0.4285714285714286,0,1,Blue,"Associate degree (e.g. AA, AS)",Female,2.0,1.0,Red,1.8,3.0,3.0,right,54877509,0,0.2857142857142857,1,0,3.1666666666666665,3.4,Blue,3.4,4.4,3.6666666666666665,left,0.7142857142857143,Cooking
71,3.111111111111111,0.0,0.19999999999999996,3.6666666666666665,11,1.5,2.6,10,0.3999999999999999,3.375,3.3,0,0,0,0,0,0,0,0.0,17,30,1.0,0,0,Blue,"Bechelor's degree (e.g. BA, BS)",Male,2.5,1.0,Red,1.6,3.0,3.0,right,57582548,0,0.0,0,0,2.5,1.2,Blue,4.2,3.4,3.0,left,1.0,Cooking
72,3.7777777777777777,0.0,0.0,4.0,10,3.0,0.8000000000000003,9,0.20000000000000018,4.875,4.5,0,0,0,0,0,0,0,0.0,12,45,1.0,0,0,Blue,"Master's degree (e.g. MA, MS, MEd)",Female,2.5,1.8,Red,3.4,4.0,4.333333333333333,right,58072563,0,0.0,0,0,2.5,1.8,Blue,4.2,4.2,4.333333333333333,left,1.0,Cooking
73,3.3333333333333335,1.0,1.4,4.0,8,3.5,2.6,14,2.2,2.5,3.2,1,0,0,0,0,0,1,1.3333333333333335,16,24,0.4285714285714286,0,1,Blue,"Bechelor's degree (e.g. BA, BS)",Female,2.0,1.4,Red,1.4,2.0,1.0,right,58560402,0,0.2857142857142857,0,0,3.0,2.8,Blue,4.0,4.2,2.3333333333333335,left,0.7142857142857143,Cooking
74,3.0,0.16666666666666652,1.6,3.7777777777777777,12,3.0,0.7999999999999998,10,0.20000000000000018,4.875,3.3,1,0,0,1,0,0,0,0.0,15,24,0.4285714285714286,0,0,Blue,"Bechelor's degree (e.g. BA, BS)",Female,2.8333333333333335,2.0,Red,3.0,3.4,3.0,right,61494619,0,0.2857142857142857,0,0,3.0,3.6,Blue,3.8,3.6,3.0,left,0.7142857142857143,Cooking
75,3.7777777777777777,0.5,0.40000000000000013,2.5555555555555554,14,2.125,0.20000000000000018,13,0.6000000000000001,4.375,3.3,0,1,1,0,0,1,1,0.0,15,30,-0.1428571428571428,1,0,Blue,"Bechelor's degree (e.g. BA, BS)",Male,2.5,1.8,Red,3.0,3.0,4.333333333333333,right,62117134,1,0.5714285714285714,1,0,3.0,2.2,Blue,3.2,3.6,4.333333333333333,left,0.4285714285714286,Cooking
76,3.5555555555555554,0.3333333333333335,1.4000000000000001,3.7777777777777777,6,2.0,1.0,14,0.0,2.5,3.4,0,0,0,0,0,0,0,0.3333333333333335,19,39,1.0,0,0,Blue,High school degree or equivalent (e.g. GED),Female,3.0,1.8,Red,2.8,3.2,2.6666666666666665,right,64044552,0,0.0,0,0,3.3333333333333335,3.2,Blue,3.8,3.2,3.0,left,1.0,Baking
77,3.888888888888889,0.0,0.0,3.4444444444444446,6,1.25,0.0,18,0.0,1.375,3.4,1,1,1,0,1,0,0,0.0,21,47,-0.1428571428571428,0,1,Blue,"Some college, no degree",Male,2.1666666666666665,1.0,Red,2.0,1.0,3.6666666666666665,right,66566888,0,0.5714285714285714,0,0,2.1666666666666665,1.0,Blue,2.0,1.0,3.6666666666666665,left,0.4285714285714286,Baking
78,3.3333333333333335,0.8333333333333335,1.4000000000000001,4.555555555555555,12,2.25,0.0,13,1.7999999999999998,3.375,4.8,0,0,0,1,0,0,0,0.0,10,27,0.7142857142857144,0,0,Blue,"Bechelor's degree (e.g. BA, BS)",Female,2.5,1.8,Red,4.0,2.2,3.6666666666666665,right,68396846,0,0.14285714285714285,0,0,3.3333333333333335,3.2,Blue,4.0,4.0,3.6666666666666665,left,0.8571428571428572,Baking
79,3.6666666666666665,-1.3333333333333335,-2.2,4.777777777777778,11,4.25,1.5999999999999996,6,-0.8000000000000003,1.875,4.1,0,0,0,0,0,0,0,0.3333333333333335,9,42,1.0,0,1,Blue,"Bechelor's degree (e.g. BA, BS)",Male,2.3333333333333335,3.2,Red,2.2,3.2,2.6666666666666665,right,68443224,0,0.0,0,0,1.0,1.0,Blue,3.8,2.4,3.0,left,1.0,Cooking
80,4.888888888888889,0.6666666666666665,0.20000000000000018,4.666666666666667,11,4.5,0.5999999999999996,7,0.40000000000000036,1.0,4.3,1,1,1,1,1,0,0,0.3333333333333335,12,66,-0.4285714285714286,0,1,Blue,"Associate degree (e.g. AA, AS)",Male,3.0,3.4,Red,4.2,4.0,3.6666666666666665,right,76595404,0,0.7142857142857143,0,0,3.6666666666666665,3.6,Blue,4.8,4.4,4.0,left,0.2857142857142857,Baking
81,4.0,0.0,0.0,4.222222222222222,9,2.625,0.0,13,0.0,2.875,4.0,1,0,0,0,0,0,1,0.0,17,20,0.4285714285714286,0,0,Blue,"Some college, no degree",Male,2.8333333333333335,2.4,Red,2.8,3.6,3.3333333333333335,right,77336022,0,0.2857142857142857,0,0,2.8333333333333335,2.4,Blue,2.8,3.6,3.3333333333333335,left,0.7142857142857143,Cooking
82,4.444444444444445,0.0,0.5999999999999996,3.3333333333333335,11,2.875,0.40000000000000036,7,0.0,3.0,4.5,0,0,0,0,0,0,0,0.0,14,31,1.0,0,0,Blue,"Some college, no degree",Female,3.6666666666666665,2.2,Red,4.6,5.0,3.3333333333333335,right,78258713,0,0.0,0,0,3.6666666666666665,2.8,Blue,5.0,5.0,3.3333333333333335,left,1.0,Cooking
83,3.3333333333333335,0.6666666666666665,1.4,4.111111111111111,15,1.75,0.5999999999999996,9,0.0,4.0,3.7,0,0,0,0,0,0,0,0.0,11,22,1.0,0,0,Blue,High school degree or equivalent (e.g. GED),Female,3.8333333333333335,2.2,Red,4.2,5.0,3.6666666666666665,right,79607830,0,0.0,0,0,4.5,3.6,Blue,4.8,5.0,3.6666666666666665,left,1.0,Cooking
84,3.7777777777777777,0.0,-0.3999999999999999,4.0,12,3.0,0.6000000000000001,12,0.0,2.0,3.7,0,1,1,0,1,0,0,-1.0,11,28,0.14285714285714285,1,0,Red,"Bechelor's degree (e.g. BA, BS)",Male,3.6666666666666665,3.8,Red,3.6,3.8,3.6666666666666665,right,81286834,1,0.42857142857142855,1,1,3.6666666666666665,3.4,Blue,4.2,3.8,2.6666666666666665,left,0.5714285714285714,Cooking
85,4.444444444444445,-0.16666666666666652,0.3999999999999999,4.111111111111111,12,3.0,-0.6000000000000001,12,0.0,1.625,4.5,0,1,1,1,0,0,0,0.0,13,30,0.14285714285714285,0,1,Blue,"Bechelor's degree (e.g. BA, BS)",Male,2.6666666666666665,1.6,Red,4.0,3.8,3.3333333333333335,right,82086664,0,0.42857142857142855,0,0,2.5,2.0,Blue,3.4,3.8,3.3333333333333335,left,0.5714285714285714,Cooking
86,3.5555555555555554,0.0,0.19999999999999973,3.7777777777777777,10,3.125,0.0,15,0.0,2.125,3.4,0,0,0,1,0,0,0,0.0,12,27,0.7142857142857144,0,0,Blue,"Bechelor's degree (e.g. BA, BS)",Male,2.8333333333333335,3.2,Red,3.0,3.2,3.3333333333333335,right,82930026,0,0.14285714285714285,0,0,2.8333333333333335,3.4,Blue,3.0,3.2,3.3333333333333335,left,0.8571428571428572,Cooking
87,4.777777777777778,0.5,1.6,4.111111111111111,5,2.125,1.0,22,0.5999999999999996,2.5,2.6,0,0,0,0,0,0,0,0.3333333333333335,20,34,1.0,0,1,Blue,"Bechelor's degree (e.g. BA, BS)",Female,2.3333333333333335,2.0,Red,2.6,4.0,3.6666666666666665,right,86817822,0,0.0,0,0,2.8333333333333335,3.6,Blue,3.6,4.6,4.0,left,1.0,Cooking
88,4.333333333333333,0.0,0.7999999999999998,4.666666666666667,12,3.25,0.6000000000000001,13,0.3999999999999999,2.375,2.7,0,1,1,0,0,1,0,0.0,15,23,0.14285714285714285,0,0,Red,"Some college, no degree",Female,3.0,2.2,Blue,3.4,3.6,3.6666666666666665,left,10877121,0,0.42857142857142855,0,0,3.0,3.0,Red,4.0,4.0,3.6666666666666665,right,0.5714285714285714,Cooking
89,3.0,1.0,0.8000000000000003,2.3333333333333335,12,1.25,1.0,10,0.8000000000000003,3.875,2.7,1,0,0,0,0,0,0,0.6666666666666665,14,48,0.7142857142857144,0,1,Red,"Bechelor's degree (e.g. BA, BS)",Male,2.6666666666666665,2.8,Blue,2.6,2.8,3.0,left,11968862,0,0.14285714285714285,0,0,3.6666666666666665,3.6,Red,3.6,3.6,3.6666666666666665,right,0.8571428571428572,Cooking
90,3.2222222222222223,-0.16666666666666652,0.19999999999999996,3.7777777777777777,11,2.875,-0.19999999999999973,10,0.0,2.125,4.0,1,1,0,0,0,0,0,-0.6666666666666665,10,32,0.4285714285714286,1,0,Blue,"Bechelor's degree (e.g. BA, BS)",Male,1.8333333333333333,1.6,Blue,3.4,3.0,3.6666666666666665,left,12828646,0,0.2857142857142857,1,1,1.6666666666666667,1.8,Red,3.2,3.0,3.0,right,0.7142857142857143,Cooking
91,3.888888888888889,0.0,-0.3999999999999999,4.0,9,2.625,0.0,13,-1.0,2.25,2.6,0,1,1,0,1,0,0,-0.666666666666667,18,30,0.14285714285714285,0,1,Red,"Bechelor's degree (e.g. BA, BS)",Male,4.0,3.8,Blue,4.0,4.0,3.3333333333333335,left,14023189,0,0.42857142857142855,0,0,4.0,3.4,Red,4.0,3.0,2.6666666666666665,right,0.5714285714285714,Cooking
92,3.4444444444444446,-0.5,0.3999999999999999,3.111111111111111,13,3.5,1.2000000000000002,27,-0.20000000000000018,3.625,4.0,1,0,0,1,1,0,0,0.3333333333333335,23,51,0.14285714285714285,0,1,Red,"Bechelor's degree (e.g. BA, BS)",Male,3.3333333333333335,3.0,Blue,3.2,3.6,3.0,left,14867492,0,0.42857142857142855,0,0,2.8333333333333335,3.4,Red,4.4,3.4,3.3333333333333335,right,0.5714285714285714,Cooking
93,3.7777777777777777,0.0,0.7999999999999998,3.4444444444444446,8,2.625,0.3999999999999999,16,0.0,2.875,3.2,1,0,0,1,0,0,1,0.0,15,23,0.14285714285714285,0,0,Red,"Some college, no degree",Male,3.3333333333333335,2.6,Blue,3.2,3.4,4.333333333333333,left,22782224,0,0.42857142857142855,0,0,3.3333333333333335,3.4,Red,3.6,3.4,4.333333333333333,right,0.5714285714285714,Cooking
94,2.888888888888889,0.4999999999999998,1.0,5.0,5,3.0,0.0,10,0.0,1.125,3.2,1,0,0,0,0,1,1,0.0,20,32,0.14285714285714285,1,0,Red,"Bechelor's degree (e.g. BA, BS)",Male,1.6666666666666667,1.0,Blue,3.8,2.8,4.0,left,23291982,1,0.42857142857142855,0,0,2.1666666666666665,2.0,Red,3.8,2.8,4.0,right,0.5714285714285714,Cooking
95,4.111111111111111,1.0,1.0,4.0,14,2.0,2.0,8,1.0,2.5,4.6,0,0,0,0,0,0,0,0.0,10,38,1.0,0,0,Red,High school degree or equivalent (e.g. GED),Male,2.0,2.0,Blue,2.0,3.0,3.0,left,24813908,0,0.0,0,0,3.0,3.0,Red,4.0,4.0,3.0,right,1.0,Cooking
96,3.2222222222222223,0.0,0.0,3.3333333333333335,6,2.0,0.0,21,0.0,4.0,2.3,0,0,0,0,0,0,0,0.0,18,46,1.0,0,0,Red,High school degree or equivalent (e.g. GED),Female,3.3333333333333335,3.0,Blue,3.2,3.0,3.0,left,34434879,0,0.0,0,0,3.3333333333333335,3.0,Red,3.2,3.0,3.0,right,1.0,Baking
97,4.666666666666667,-1.0,0.8,4.333333333333333,6,3.375,2.6,9,1.0,2.375,4.2,0,0,0,0,0,0,0,0.0,9,25,1.0,0,1,Red,"Bechelor's degree (e.g. BA, BS)",Female,3.3333333333333335,1.0,Blue,1.4,3.0,4.333333333333333,left,37194233,0,0.0,0,0,2.3333333333333335,1.8,Red,4.0,4.0,4.333333333333333,right,1.0,Cooking
98,1.4444444444444444,0.0,0.0,5.0,12,3.75,0.6000000000000001,6,0.0,1.0,3.9,0,0,0,0,0,0,0,0.0,6,35,1.0,0,0,Red,"Bechelor's degree (e.g. BA, BS)",Male,2.3333333333333335,1.8,Blue,2.4,3.0,3.0,left,37540071,0,0.0,0,0,2.3333333333333335,1.8,Red,3.0,3.0,3.0,right,1.0,Cooking
99,4.555555555555555,0.3333333333333335,1.0,3.111111111111111,12,4.125,0.20000000000000018,13,0.0,1.625,3.6,1,0,0,1,0,0,0,0.33333333333333304,13,47,0.4285714285714286,0,1,Red,"Some college, no degree",Female,3.0,3.0,Blue,3.4,4.0,3.3333333333333335,left,38935108,0,0.2857142857142857,1,0,3.3333333333333335,4.0,Red,3.6,4.0,3.6666666666666665,right,0.7142857142857143,Cooking
100,3.111111111111111,-1.666666666666667,-1.4000000000000004,2.4444444444444446,10,3.375,2.5999999999999996,10,-0.8000000000000003,3.875,4.6,0,0,0,1,0,1,0,-0.6666666666666665,11,21,0.4285714285714286,0,1,Blue,"Some college, no degree",Female,4.166666666666667,4.4,Blue,2.2,4.4,3.0,left,41141458,0,0.2857142857142857,1,1,2.5,3.0,Red,4.8,3.6,2.3333333333333335,right,0.7142857142857143,Cooking
101,3.111111111111111,1.833333333333333,2.8,3.7777777777777777,6,3.125,1.4000000000000004,15,0.40000000000000036,1.5,3.5,0,0,0,0,0,0,0,1.3333333333333335,17,33,1.0,0,0,Red,"Some college, no degree",Female,2.5,2.0,Blue,3.0,4.6,3.3333333333333335,left,47155093,0,0.0,0,0,4.333333333333333,4.8,Red,4.4,5.0,4.666666666666667,right,1.0,Baking
102,5.0,0.0,0.20000000000000018,5.0,10,4.625,0.0,6,0.0,1.125,4.6,1,1,0,0,1,0,0,0.0,10,37,0.14285714285714285,1,0,Blue,"Associate degree (e.g. AA, AS)",Female,3.1666666666666665,2.4,Blue,5.0,5.0,3.3333333333333335,left,48809386,1,0.42857142857142855,0,1,3.1666666666666665,2.6,Red,5.0,5.0,3.3333333333333335,right,0.5714285714285714,Baking
103,3.7777777777777777,-0.3333333333333335,-1.1999999999999997,3.7777777777777777,11,3.0,-1.0,13,0.0,2.125,3.3,1,1,1,0,1,1,0,-1.0,13,29,-0.4285714285714286,1,0,Blue,"Associate degree (e.g. AA, AS)",Male,3.5,3.8,Blue,4.0,4.0,3.6666666666666665,left,49031928,1,0.7142857142857143,1,1,3.1666666666666665,2.6,Red,3.0,4.0,2.6666666666666665,right,0.2857142857142857,Cooking
104,2.5555555555555554,0.0,0.0,3.5555555555555554,10,1.75,0.7999999999999998,12,0.19999999999999973,5.0,3.9,0,0,0,0,0,0,0,0.0,16,28,1.0,0,0,Red,"Bechelor's degree (e.g. BA, BS)",Male,3.0,2.4,Blue,3.2,3.6,3.0,left,62074408,0,0.0,0,0,3.0,2.4,Red,4.0,3.8,3.0,right,1.0,Cooking
105,4.222222222222222,1.6666666666666665,1.1999999999999997,4.111111111111111,9,3.625,1.5999999999999996,13,1.8000000000000003,1.875,4.3,0,1,0,0,0,0,0,1.6666666666666665,15,49,0.7142857142857144,0,0,Red,"Some college, no degree",Male,2.6666666666666665,2.2,Blue,3.0,2.4,2.3333333333333335,left,69162708,0,0.14285714285714285,0,0,4.333333333333333,3.4,Red,4.6,4.2,4.0,right,0.8571428571428572,Cooking
106,2.6666666666666665,0.3333333333333335,0.20000000000000018,2.7777777777777777,10,3.125,0.20000000000000018,14,0.5999999999999996,4.0,3.6,0,1,0,1,0,0,0,0.0,15,21,0.4285714285714286,0,0,Red,"Some college, no degree",Male,2.1666666666666665,1.4,Blue,2.4,2.2,2.3333333333333335,left,74807557,0,0.2857142857142857,0,0,2.5,1.6,Red,2.6,2.8,2.3333333333333335,right,0.7142857142857143,Cooking
107,3.3333333333333335,1.166666666666667,1.5999999999999996,4.111111111111111,9,2.5,1.6,15,1.2000000000000002,3.0,4.2,0,1,0,0,0,0,0,1.0,15,50,0.7142857142857144,0,0,Red,"Bechelor's degree (e.g. BA, BS)",Female,2.6666666666666665,2.2,Blue,3.4,3.8,3.0,left,75270888,0,0.14285714285714285,0,0,3.8333333333333335,3.8,Red,5.0,5.0,4.0,right,0.8571428571428572,Baking
108,4.0,-0.16666666666666696,-0.3999999999999999,4.0,6,2.75,0.5999999999999996,18,-0.20000000000000018,2.875,3.5,1,0,0,1,1,0,0,0.0,17,42,0.14285714285714285,0,1,Red,"Master's degree (e.g. MA, MS, MEd)",Female,3.3333333333333335,3.6,Blue,3.2,3.6,3.3333333333333335,left,78948455,0,0.42857142857142855,0,0,3.1666666666666665,3.2,Red,3.8,3.4,3.3333333333333335,right,0.5714285714285714,Cooking
109,3.2222222222222223,0.0,2.4000000000000004,3.7777777777777777,8,2.5,1.0,14,0.0,2.75,4.3,0,0,0,0,1,0,0,0.0,19,28,0.7142857142857144,0,0,Red,"Bechelor's degree (e.g. BA, BS)",Female,1.8333333333333333,1.2,Blue,2.4,2.8,3.0,left,79018233,0,0.14285714285714285,0,0,1.8333333333333333,3.6,Red,3.4,2.8,3.0,right,0.8571428571428572,Cooking
110,4.777777777777778,0.0,0.0,4.111111111111111,15,3.75,0.5999999999999996,6,0.0,3.125,4.9,0,0,0,0,0,0,0,0.0,7,46,1.0,0,0,Red,"Bechelor's degree (e.g. BA, BS)",Female,1.8333333333333333,2.6,Blue,4.4,3.4,2.3333333333333335,left,86239647,0,0.0,0,0,1.8333333333333333,2.6,Red,5.0,3.4,2.3333333333333335,right,1.0,Baking
111,4.0,0.16666666666666674,0.0,4.555555555555555,7,2.0,2.1999999999999997,20,0.6000000000000001,3.375,3.2,0,0,0,0,0,0,0,0.0,17,36,1.0,0,0,Red,"Bechelor's degree (e.g. BA, BS)",Female,1.5,1.2,Blue,1.6,2.6,3.3333333333333335,left,87190739,0,0.0,0,0,1.6666666666666667,1.2,Red,3.8,3.2,3.3333333333333335,right,1.0,Cooking
112,3.2222222222222223,-0.33333333333333326,0.0,3.6666666666666665,9,2.625,0.0,14,0.0,2.0,3.8,1,0,0,0,0,0,0,0.0,14,22,0.7142857142857144,0,1,Red,High school degree or equivalent (e.g. GED),Male,1.3333333333333333,1.0,Blue,2.4,3.0,2.3333333333333335,left,88482563,0,0.14285714285714285,1,0,1.0,1.0,Red,2.4,3.0,2.3333333333333335,right,0.8571428571428572,Baking
113,2.6666666666666665,0.3333333333333335,1.1999999999999997,4.0,12,4.25,-1.4000000000000004,10,0.8000000000000003,3.0,4.3,1,1,0,0,1,0,1,0.0,11,40,-0.1428571428571428,1,0,Blue,"Bechelor's degree (e.g. BA, BS)",Female,3.0,1.6,Blue,4.2,3.6,3.6666666666666665,left,90860111,1,0.5714285714285714,1,1,3.3333333333333335,2.8,Red,2.8,4.4,3.6666666666666665,right,0.4285714285714286,Baking
114,3.0,-0.16666666666666696,0.3999999999999999,2.888888888888889,7,2.125,0.19999999999999973,24,0.0,3.25,2.5,0,0,0,0,0,0,0,-0.3333333333333335,19,31,1.0,0,0,Red,"Associate degree (e.g. AA, AS)",Male,3.3333333333333335,3.0,Blue,3.2,3.2,3.3333333333333335,left,92835387,1,0.0,0,0,3.1666666666666665,3.4,Red,3.4,3.2,3.0,right,1.0,Cooking
115,3.2222222222222223,0.0,0.0,2.4444444444444446,11,3.5,0.0,9,0.0,3.75,4.7,0,0,0,0,0,1,0,0.6666666666666665,12,50,0.7142857142857144,0,1,Red,"Some college, no degree",Female,3.6666666666666665,2.6,Blue,4.0,4.2,2.3333333333333335,left,95143115,0,0.14285714285714285,1,0,3.6666666666666665,2.6,Red,4.0,4.2,3.0,right,0.8571428571428572,Cooking
